-- phpMyAdmin SQL Dump
-- version 5.0.4
-- https://www.phpmyadmin.net/
--
-- Φιλοξενητής: localhost
-- Χρόνος δημιουργίας: 22 Σεπ 2022 στις 14:16:33
-- Έκδοση διακομιστή: 5.7.38-log
-- Έκδοση PHP: 7.4.30

SET SQL_MODE = "NO_AUTO_VALUE_ON_ZERO";
START TRANSACTION;
SET time_zone = "+00:00";


/*!40101 SET @OLD_CHARACTER_SET_CLIENT=@@CHARACTER_SET_CLIENT */;
/*!40101 SET @OLD_CHARACTER_SET_RESULTS=@@CHARACTER_SET_RESULTS */;
/*!40101 SET @OLD_COLLATION_CONNECTION=@@COLLATION_CONNECTION */;
/*!40101 SET NAMES utf8mb4 */;

--
-- Βάση δεδομένων: `nutrition`
--

-- --------------------------------------------------------

--
-- Δομή πίνακα για τον πίνακα `activationlink`
--

CREATE TABLE `activationlink` (
  `id` int(11) NOT NULL,
  `idUser` int(11) NOT NULL,
  `randomLink` varchar(255) NOT NULL,
  `expireLinkDate` datetime NOT NULL,
  `dateCreated` datetime NOT NULL
) ENGINE=InnoDB DEFAULT CHARSET=utf8mb4;

--
-- Άδειασμα δεδομένων του πίνακα `activationlink`
--

INSERT INTO `activationlink` (`id`, `idUser`, `randomLink`, `expireLinkDate`, `dateCreated`) VALUES
(69, 168, 'gdsf', '2022-09-01 21:03:58', '2022-09-01 21:03:58'),
(70, 190, 'hg', '2022-09-02 21:04:13', '2022-09-02 21:04:13'),
(71, 174, 'nmj', '2022-09-04 21:04:26', '2022-09-04 21:04:26'),
(72, 155, 'uko', '2022-09-03 21:04:38', '2022-09-03 21:04:38'),
(73, 192, '014dfb748599451b0a2891ee6400a0ebea02fb2881171d7e7d181a0c8224d359', '2022-09-17 22:36:10', '2022-09-17 20:36:10');

-- --------------------------------------------------------

--
-- Δομή πίνακα για τον πίνακα `confirmnewemail`
--

CREATE TABLE `confirmnewemail` (
  `id` int(11) NOT NULL,
  `idUser` int(11) NOT NULL,
  `email` varchar(255) NOT NULL,
  `token` varchar(255) NOT NULL,
  `dateCreated` datetime NOT NULL
) ENGINE=InnoDB DEFAULT CHARSET=utf8mb4;

--
-- Άδειασμα δεδομένων του πίνακα `confirmnewemail`
--

INSERT INTO `confirmnewemail` (`id`, `idUser`, `email`, `token`, `dateCreated`) VALUES
(10, 172, 'hjfdy@gfdh.fbd', 'jdrtrhtr', '2022-09-07 20:04:42'),
(11, 188, 'fguhj@hg.gy', 'yut', '2022-09-01 20:05:04'),
(12, 178, 'giru1@gmail.com', '79414436fe37810fb278c3ddc7a9f69e2237833444f81485be0013fb28afbdaf', '2022-09-21 16:00:17');

-- --------------------------------------------------------

--
-- Δομή πίνακα για τον πίνακα `createdfood`
--

CREATE TABLE `createdfood` (
  `id` int(11) NOT NULL,
  `idUser` int(11) NOT NULL,
  `idFood` int(11) NOT NULL,
  `isFavourite` tinyint(1) NOT NULL,
  `dateCreatedFood` datetime NOT NULL
) ENGINE=InnoDB DEFAULT CHARSET=utf8mb4;

--
-- Άδειασμα δεδομένων του πίνακα `createdfood`
--

INSERT INTO `createdfood` (`id`, `idUser`, `idFood`, `isFavourite`, `dateCreatedFood`) VALUES
(1, 167, 8, 2, '2022-05-28 14:26:37'),
(2, 170, 11, 2, '2022-05-28 19:28:36'),
(5, 167, 26, 1, '2022-06-22 20:37:56'),
(17, 167, 38, 1, '2022-06-24 19:58:39'),
(24, 167, 45, 2, '2022-07-02 04:14:06'),
(29, 127, 50, 1, '2022-07-02 17:32:22'),
(32, 167, 53, 1, '2022-07-02 18:04:45'),
(61, 167, 82, 2, '2022-07-14 18:48:01'),
(65, 187, 86, 1, '2022-07-27 19:52:37'),
(66, 169, 92, 1, '2022-08-25 17:07:13'),
(68, 167, 97, 1, '2022-08-30 14:12:00'),
(69, 167, 98, 1, '2022-08-31 13:09:51'),
(70, 167, 102, 1, '2022-09-18 14:25:13'),
(71, 167, 103, 1, '2022-09-18 14:31:50');

-- --------------------------------------------------------

--
-- Δομή πίνακα για τον πίνακα `cronjob`
--

CREATE TABLE `cronjob` (
  `id` int(11) NOT NULL,
  `taskName` varchar(50) NOT NULL,
  `queued_at` datetime NOT NULL,
  `completed_at` datetime NOT NULL,
  `is_processed` char(1) NOT NULL
) ENGINE=InnoDB DEFAULT CHARSET=utf8mb4;

--
-- Άδειασμα δεδομένων του πίνακα `cronjob`
--

INSERT INTO `cronjob` (`id`, `taskName`, `queued_at`, `completed_at`, `is_processed`) VALUES
(1, 'Task 1', '2022-08-01 17:17:22', '2022-08-01 00:00:00', 'N');

-- --------------------------------------------------------

--
-- Δομή πίνακα για τον πίνακα `dailyconsumptiongoals`
--

CREATE TABLE `dailyconsumptiongoals` (
  `id` int(11) NOT NULL,
  `idUser` int(11) NOT NULL,
  `calories` float NOT NULL,
  `protein` float NOT NULL,
  `carb` float NOT NULL,
  `fat` float NOT NULL,
  `water` float NOT NULL,
  `goalDate` datetime NOT NULL
) ENGINE=InnoDB DEFAULT CHARSET=utf8mb4;

--
-- Άδειασμα δεδομένων του πίνακα `dailyconsumptiongoals`
--

INSERT INTO `dailyconsumptiongoals` (`id`, `idUser`, `calories`, `protein`, `carb`, `fat`, `water`, `goalDate`) VALUES
(1, 167, 2635, 119, 336, 97, 2400, '2022-04-29 14:01:32'),
(2, 170, 1405, 63, 179, 52, 2400, '2022-04-29 16:44:40'),
(3, 169, 2750, 123, 307, 92, 2400, '2022-05-12 18:02:57'),
(4, 165, 2787, 125, 355, 102, 2400, '2022-05-12 18:03:40'),
(5, 153, 1625, 73, 207, 60, 2400, '2022-05-12 18:06:45'),
(6, 115, 2289, 103, 292, 84, 2400, '2022-05-12 18:07:11'),
(7, 128, 2750, 123, 307, 92, 2400, '2022-05-12 18:07:36'),
(8, 154, 2750, 123, 307, 92, 2400, '2022-05-12 18:07:59'),
(9, 168, 2750, 123, 307, 92, 2400, '2022-05-12 18:08:28'),
(10, 166, 2750, 123, 307, 92, 2400, '2022-05-12 18:08:52'),
(11, 178, 1643, 74, 209, 60, 2400, '2022-05-18 12:44:18'),
(13, 180, 2750, 123, 307, 92, 2400, '2022-06-14 14:37:42'),
(15, 182, 2750, 123, 307, 92, 2400, '2022-06-14 14:41:11'),
(18, 185, 1925, 481, 963, 481, 2400, '2022-06-14 19:28:46'),
(19, 186, 1479, 67, 189, 54, 2400, '2022-06-15 14:34:23'),
(20, 174, 3000, 542, 178, 235, 5423, '2022-06-25 22:15:35'),
(21, 187, 2943, 132, 375, 108, 2400, '2022-07-26 20:28:16'),
(22, 188, 2609, 117, 333, 96, 2400, '2022-08-07 18:53:02'),
(24, 190, 2583, 116, 329, 95, 2400, '2022-08-27 21:17:44'),
(25, 191, 3013, 136, 384, 110, 2400, '2022-09-01 16:00:54'),
(26, 127, 2750, 123, 307, 92, 2400, '2022-09-01 11:10:38'),
(27, 152, 2750, 123, 307, 92, 2400, '2022-08-12 11:13:07'),
(28, 173, 2750, 123, 307, 92, 2400, '2022-07-12 11:13:57'),
(29, 172, 2750, 123, 307, 92, 2400, '2022-08-29 11:14:35'),
(30, 155, 2750, 123, 307, 92, 2400, '2022-09-05 11:15:00'),
(31, 192, 1754, 79, 224, 64, 2400, '2022-09-17 20:36:10'),
(32, 193, 3502, 158, 447, 128, 2400, '2022-09-18 01:54:56');

-- --------------------------------------------------------

--
-- Δομή πίνακα για τον πίνακα `dailyeatings`
--

CREATE TABLE `dailyeatings` (
  `id` int(11) NOT NULL,
  `idUser` int(11) NOT NULL,
  `idFood` int(11) NOT NULL,
  `idNameOfDailyMeals` int(11) NOT NULL,
  `isFavourite` tinyint(1) NOT NULL,
  `portion` float NOT NULL,
  `calories` float NOT NULL,
  `protein` float NOT NULL,
  `carb` float NOT NULL,
  `fat` float NOT NULL,
  `fiber` float NOT NULL,
  `saturated` float NOT NULL,
  `unsaturated` float NOT NULL,
  `sugar` float NOT NULL,
  `bitamins` float NOT NULL,
  `dailyEatingsDate` date NOT NULL
) ENGINE=InnoDB DEFAULT CHARSET=utf8mb4;

--
-- Άδειασμα δεδομένων του πίνακα `dailyeatings`
--

INSERT INTO `dailyeatings` (`id`, `idUser`, `idFood`, `idNameOfDailyMeals`, `isFavourite`, `portion`, `calories`, `protein`, `carb`, `fat`, `fiber`, `saturated`, `unsaturated`, `sugar`, `bitamins`, `dailyEatingsDate`) VALUES
(14, 167, 7, 1, 1, 200, 0, 0, 0, 0, 0, 0, 0, 0, 0, '2022-05-24'),
(18, 167, 6, 4, 2, 200, 0, 0, 0, 0, 0, 0, 0, 0, 0, '2022-05-23'),
(26, 167, 6, 1, 2, 200, 0, 0, 0, 0, 0, 0, 0, 0, 0, '2022-05-24'),
(27, 167, 8, 3, 2, 245, 0, 0, 0, 0, 0, 0, 0, 0, 0, '2022-06-07'),
(29, 167, 7, 4, 1, 200, 150, 80, 45, 78, 0, 45, 43, 54, 76, '2022-06-07'),
(30, 167, 6, 4, 2, 200, 275, 123, 307, 92, 0, 85, 78, 24, 68, '2022-06-07'),
(31, 167, 6, 1, 2, 400, 550, 246, 614, 184, 0, 170, 156, 48, 136, '2022-06-07'),
(32, 167, 6, 1, 2, 4.02e16, 5.5275e15, 2.4723e16, 6.1707e15, 18492, 0, 17085, 1.5678e16, 4.824e16, 1.3668e16, '2022-06-07'),
(53, 167, 8, 2, 2, 490, 132, 154, 92, 160, 0, 154, 156, 84, 154, '2022-06-09'),
(56, 167, 7, 1, 1, 300, 225, 120, 67.5, 117, 0, 67.5, 64.5, 81, 114, '2022-06-09'),
(57, 167, 7, 2, 1, 486, 364.5, 194.4, 109.35, 189.54, 0, 109.35, 104.49, 131.22, 184.68, '2022-06-09'),
(58, 167, 7, 4, 1, 320, 240, 128, 72, 124.8, 0, 72, 68.8, 86.4, 121.6, '2022-06-09'),
(59, 170, 6, 1, 1, 200, 275, 123, 307, 92, 0, 85, 78, 24, 68, '2022-06-09'),
(60, 170, 6, 4, 1, 400, 550, 246, 614, 184, 0, 170, 156, 48, 136, '2022-06-02'),
(61, 167, 7, 1, 1, 200, 150, 80, 45, 78, 0, 45, 43, 54, 76, '2022-06-10'),
(64, 167, 8, 1, 2, 588, 158.4, 184.8, 110.4, 192, 0, 184.8, 187.2, 100.8, 184.8, '2022-06-11'),
(65, 167, 7, 2, 1, 600, 450, 240, 135, 234, 0, 135, 129, 162, 228, '2022-06-11'),
(66, 167, 6, 1, 2, 370, 508.75, 227.55, 567.95, 170.2, 0, 157.25, 144.3, 44.4, 125.8, '2022-06-11'),
(67, 167, 7, 2, 1, 600, 450, 240, 135, 234, 0, 135, 129, 162, 228, '2022-06-11'),
(68, 167, 7, 1, 1, 400, 300, 160, 90, 156, 0, 90, 86, 108, 152, '2022-06-11'),
(69, 167, 6, 1, 2, 460, 632.5, 282.9, 706.1, 211.6, 0, 195.5, 179.4, 55.2, 156.4, '2022-06-12'),
(92, 167, 6, 1, 2, 480, 660, 295.2, 736.8, 220.8, 0, 204, 187.2, 57.6, 163.2, '2022-06-15'),
(94, 167, 7, 1, 1, 720, 540, 288, 162, 280.8, 0, 162, 154.8, 194.4, 273.6, '2022-06-15'),
(95, 167, 8, 1, 2, 245, 66, 77, 46, 80, 0, 77, 78, 42, 77, '2022-06-15'),
(96, 167, 7, 2, 1, 400, 300, 160, 90, 156, 0, 90, 86, 108, 152, '2022-06-06'),
(97, 167, 8, 2, 2, 245, 66, 77, 46, 80, 0, 77, 78, 42, 77, '2022-06-15'),
(98, 167, 6, 1, 2, 350, 481.25, 215.25, 537.25, 161, 0, 148.75, 136.5, 42, 119, '2022-06-16'),
(99, 167, 6, 1, 2, 200, 275, 123, 307, 92, 0, 85, 78, 24, 68, '2022-06-16'),
(100, 167, 8, 1, 2, 490, 132, 154, 92, 160, 0, 154, 156, 84, 154, '2022-06-16'),
(108, 167, 8, 2, 2, 86.2, 23.23, 27.1, 16.2, 28.2, 0, 27.1, 27.5, 14.8, 27.1, '2022-06-18'),
(109, 167, 6, 1, 2, 400, 550, 246, 614, 184, 0, 170, 156, 48, 136, '2022-06-18'),
(112, 167, 6, 1, 2, 520, 715, 319.8, 798.2, 239.2, 0, 221, 202.8, 62.4, 176.8, '2022-06-19'),
(114, 167, 7, 2, 1, 260.6, 195.45, 104.24, 58.63, 101.63, 0, 58.63, 56.03, 70.36, 99.03, '2022-06-19'),
(115, 167, 26, 1, 1, 475.2, 380.6, 740.3, 745.8, 278.3, 0, 84.7, 96.8, 72.6, 108.9, '2022-06-22'),
(118, 167, 8, 1, 2, 245, 66, 77, 46, 80, 0, 77, 78, 42, 77, '2022-06-23'),
(120, 167, 8, 4, 2, 588, 158.4, 184.8, 110.4, 192, 0, 184.8, 187.2, 100.8, 184.8, '2022-06-23'),
(121, 167, 26, 1, 1, 1382.4, 1107.2, 2153.6, 2169.6, 809.6, 0, 246.4, 281.6, 211.2, 316.8, '2022-06-24'),
(127, 167, 8, 2, 2, 245, 66, 77, 46, 80, 0, 77, 78, 42, 77, '2022-06-27'),
(129, 167, 8, 1, 2, 544.39, 146.65, 171.09, 102.21, 177.76, 0, 171.09, 173.32, 93.32, 171.09, '2022-06-29'),
(131, 167, 8, 4, 2, 245, 66, 77, 46, 80, 0, 77, 78, 42, 77, '2022-07-06'),
(132, 167, 6, 1, 2, 200, 275, 123, 307, 92, 0, 85, 78, 24, 68, '2022-07-06'),
(135, 167, 8, 1, 2, 808.5, 217.8, 254.1, 151.8, 264, 96, 254.1, 257.4, 138.6, 254.1, '2022-07-06'),
(139, 167, 7, 1, 1, 460, 345, 184, 103.5, 179.4, 29.9, 103.5, 98.9, 124.2, 174.8, '2022-07-11'),
(140, 167, 7, 2, 1, 225, 168.75, 90, 50.63, 87.75, 13, 50.63, 48.38, 60.75, 85.5, '2022-07-16'),
(141, 167, 82, 4, 2, 56, 342, 47, 65, 67, 234, 0, 0, 0, 0, '2022-07-14'),
(146, 167, 6, 2, 2, 400, 550, 246, 614, 184, 44, 170, 156, 48, 136, '2022-07-17'),
(159, 167, 6, 2, 2, 300, 412.5, 184.5, 460.5, 138, 33, 127.5, 117, 36, 102, '2022-07-27'),
(161, 187, 8, 4, 1, 419.93, 113.12, 131.98, 78.84, 137.12, 54.85, 131.98, 133.69, 71.99, 131.98, '2022-07-27'),
(162, 187, 7, 1, 1, 200, 150, 80, 45, 78, 13, 45, 43, 54, 76, '2022-07-27'),
(165, 167, 7, 1, 1, 200, 150, 80, 45, 78, 13, 45, 43, 54, 76, '2022-07-27'),
(166, 170, 11, 3, 2, 219, 225, 120, 67.5, 120, 0, 115.5, 97.5, 36, 115.5, '2022-07-31'),
(169, 174, 6, 1, 1, 200, 275, 123, 307, 92, 22, 85, 78, 24, 68, '2022-08-27'),
(170, 174, 92, 2, 1, 86, 45, 645, 45, 62, 45, 345, 65, 425, 56, '2022-08-27'),
(171, 190, 88, 3, 1, 1572, 174, 174, 1374, 136, 1374, 13774, 172, 1374, 174, '2022-08-27'),
(172, 167, 88, 2, 2, 786, 87, 87, 687, 68, 687, 688, 86, 687, 87, '2022-08-30'),
(180, 191, 7, 1, 1, 200, 150, 80, 45, 78, 13, 43, 54, 45, 76, '2022-08-31'),
(182, 191, 6, 2, 1, 200, 275, 123, 307, 92, 22, 85, 78, 24, 68, '2022-08-29'),
(184, 191, 89, 4, 1, 65, 666, 56, 66, 645, 642, 566, 59, 626, 567, '2022-08-27'),
(185, 191, 8, 3, 1, 245, 66, 77, 46, 80, 32, 77, 78, 420, 705, '2022-08-31'),
(186, 191, 8, 3, 1, 245, 66, 77, 46, 80, 32, 77, 78, 420, 705, '2022-08-26'),
(187, 191, 8, 4, 1, 245, 66, 77, 46, 80, 32, 77, 78, 420, 705, '2022-08-29'),
(188, 191, 8, 2, 1, 245, 66, 77, 46, 80, 32, 77, 78, 420, 705, '2022-08-29'),
(189, 191, 8, 2, 1, 245, 66, 77, 46, 80, 32, 77, 78, 420, 705, '2022-08-28'),
(190, 191, 89, 2, 1, 65, 666, 56, 66, 645, 642, 566, 59, 626, 567, '2022-08-28'),
(191, 191, 89, 2, 1, 65, 666, 56, 66, 645, 642, 566, 59, 626, 567, '2022-08-27'),
(192, 191, 89, 2, 1, 65, 666, 56, 66, 645, 642, 566, 59, 626, 567, '2022-08-26'),
(193, 191, 89, 2, 1, 65, 666, 56, 66, 645, 642, 566, 59, 626, 567, '2022-08-30'),
(195, 191, 94, 4, 1, 11, 22, 33, 44, 55, 66, 88, 99, 77, 111, '2022-08-05'),
(208, 167, 98, 1, 1, 20, 200, 20, 40, 60, 0, 0, 0, 0, 0, '2022-09-02'),
(210, 170, 96, 1, 1, 54, 563, 3, 34, 345, 34, 35, 34, 34, 34, '2022-09-05'),
(211, 167, 98, 1, 1, 10, 100, 10, 20, 30, 0, 0, 0, 0, 0, '2022-09-08'),
(214, 167, 6, 1, 2, 200, 275, 123, 307, 92, 22, 85, 78, 24, 68, '2022-09-09'),
(215, 190, 6, 1, 1, 300, 412.5, 184.5, 460.5, 138, 33, 127.5, 117, 36, 102, '2022-09-09'),
(216, 167, 102, 1, 1, 2, 430, 6, 60, 12, 0, 0, 0, 0, 0, '2022-09-18');

-- --------------------------------------------------------

--
-- Δομή πίνακα για τον πίνακα `dailysummaries`
--

CREATE TABLE `dailysummaries` (
  `id` int(11) NOT NULL,
  `idDailyConsumptionGoals` int(11) NOT NULL,
  `calories` float NOT NULL,
  `protein` float NOT NULL,
  `carb` float NOT NULL,
  `fat` float NOT NULL,
  `fiber` float NOT NULL,
  `saturated` float NOT NULL,
  `unsaturated` float NOT NULL,
  `sugar` float NOT NULL,
  `bitamins` float NOT NULL,
  `water` float NOT NULL,
  `note` text NOT NULL,
  `dailySummariesDate` date NOT NULL
) ENGINE=InnoDB DEFAULT CHARSET=utf8mb4;

--
-- Άδειασμα δεδομένων του πίνακα `dailysummaries`
--

INSERT INTO `dailysummaries` (`id`, `idDailyConsumptionGoals`, `calories`, `protein`, `carb`, `fat`, `fiber`, `saturated`, `unsaturated`, `sugar`, `bitamins`, `water`, `note`, `dailySummariesDate`) VALUES
(1, 1, 0, 0, 0, 0, 0, 0, 0, 0, 0, 0, 'You are the best', '2022-05-03'),
(2, 2, 0, 0, 0, 0, 0, 0, 0, 0, 0, 0, 'Hi there', '2022-05-03'),
(5, 1, 0, 0, 0, 0, 0, 0, 0, 0, 0, 0, 'Duck', '2022-05-05'),
(7, 1, 0, 0, 0, 0, 0, 0, 0, 0, 0, 0, '&Alpha;&nu;&tau;&epsilon; &gamma;&epsilon;&iota;&alpha;', '2022-05-06'),
(8, 1, 0, 0, 0, 0, 0, 0, 0, 0, 0, 0, 'Gear 4', '2022-05-04'),
(9, 1, 0, 0, 0, 0, 0, 0, 0, 0, 0, 0, '', '2022-06-04'),
(10, 1, 0, 0, 0, 0, 0, 0, 0, 0, 0, 0, '', '2022-06-05'),
(11, 1, 0, 0, 0, 0, 0, 0, 0, 0, 0, 0, '', '2022-05-07'),
(12, 1, 0, 0, 0, 0, 0, 0, 0, 0, 0, 476, '', '2022-07-04'),
(13, 1, 0, 0, 0, 0, 0, 0, 0, 0, 0, 0, '', '2022-07-05'),
(14, 1, 1530, 72, 240, 99, 0, 0, 0, 0, 0, 0, '', '2022-04-07'),
(15, 1, 0, 0, 0, 0, 0, 0, 0, 0, 0, 0, '', '2022-05-08'),
(16, 1, 0, 0, 0, 0, 0, 0, 0, 0, 0, 0, '', '2021-05-06'),
(17, 1, 0, 0, 0, 0, 0, 0, 0, 0, 0, 0, '', '2022-05-09'),
(18, 1, 0, 0, 0, 0, 0, 0, 0, 0, 0, 0, '', '2022-05-10'),
(19, 1, 0, 0, 0, 0, 0, 0, 0, 0, 0, 0, '', '2022-05-11'),
(22, 1, 0, 0, 0, 0, 0, 0, 0, 0, 0, 0, '', '2022-07-18'),
(23, 1, 0, 0, 0, 0, 0, 0, 0, 0, 0, 0, '', '2022-07-19'),
(24, 1, 168.75, 90, 50.63, 87.75, 0, 0, 0, 0, 0, 0, '', '2022-07-16'),
(25, 1, 0, 0, 0, 0, 0, 0, 0, 0, 0, 0, '', '2022-07-15'),
(26, 1, 954, 782, 207, 1014, 0, 0, 0, 0, 0, 0, '', '2022-07-14'),
(27, 1, 0, 0, 0, 0, 0, 0, 0, 0, 0, 0, '&Epsilon;&lambda;&lambda;&eta;&nu;&iota;&kappa;ά &mu;ό&nu;&omicron;', '2022-05-13'),
(28, 1, 0, 0, 0, 0, 0, 0, 0, 0, 0, 2262, 'Water Done', '2022-05-14'),
(29, 1, 0, 0, 0, 0, 0, 0, 0, 0, 0, 660, 'h-txcy0-uyt&lt;ufy', '2022-05-15'),
(30, 1, 0, 0, 0, 0, 0, 0, 0, 0, 0, 0, '', '2022-05-16'),
(31, 1, 0, 0, 0, 0, 0, 0, 0, 0, 0, 76, '&Pi;&rho;ό&sigma;&theta;&epsilon;&sigma;&alpha; &alpha;&kappa;ό&mu;&alpha; 3&eta;&sigmaf; &sigma;&epsilon;&lambda;ί&delta;&epsilon;&sigmaf; &kappa;&alpha;&iota; &sigma;&kappa;&omicron;&pi;&epsilon;ύ&omega; &nu;&alpha; &alpha;&rho;&chi;ί&sigma;&omega; &tau;&eta;&nu; &pi;&rho;&omicron;&sigma;&theta;ή&kappa;&eta; &phi;&alpha;&gamma;&eta;&tau;&omicron;ύ.', '2022-05-17'),
(32, 1, 0, 0, 0, 0, 0, 0, 0, 0, 0, 0, '', '2022-04-03'),
(33, 1, 0, 0, 0, 0, 0, 0, 0, 0, 0, 0, '', '2022-04-04'),
(34, 1, 0, 0, 0, 0, 0, 0, 0, 0, 0, 0, '', '2022-05-12'),
(35, 2, 0, 0, 0, 0, 0, 0, 0, 0, 0, 0, '', '2022-05-12'),
(36, 2, 0, 0, 0, 0, 0, 0, 0, 0, 0, 0, '', '2022-05-13'),
(37, 2, 0, 0, 0, 0, 0, 0, 0, 0, 0, 0, '', '2022-05-14'),
(38, 1, 0, 0, 0, 0, 0, 0, 0, 0, 0, 0, '', '2022-06-17'),
(39, 1, 0, 0, 0, 0, 0, 0, 0, 0, 0, 0, '', '2022-06-14'),
(40, 1, 0, 0, 0, 0, 0, 0, 0, 0, 0, 0, '', '2022-03-03'),
(41, 1, 0, 0, 0, 0, 0, 0, 0, 0, 0, 0, 'Έ&gamma;&iota;&nu;&epsilon; &delta;&omicron;&upsilon;&lambda;&iota;&tau;&sigma;&alpha; &kappa;&alpha;&iota; &sigma;ή&mu;&epsilon;&rho;&alpha;.', '2022-05-18'),
(42, 1, 0, 0, 0, 0, 0, 0, 0, 0, 0, 476, '', '2022-05-19'),
(43, 2, 1200, 55, 100, 66, 0, 0, 0, 0, 0, 619, '', '2022-05-18'),
(44, 2, 0, 0, 0, 0, 0, 0, 0, 0, 0, 0, '', '2022-05-19'),
(45, 2, 0, 0, 0, 0, 0, 0, 0, 0, 0, 0, '', '2022-05-20'),
(46, 11, 0, 0, 0, 0, 0, 0, 0, 0, 0, 0, '', '2022-05-18'),
(47, 1, 0, 0, 0, 0, 0, 0, 0, 0, 0, 0, '', '2022-05-20'),
(48, 1, 0, 0, 0, 0, 0, 0, 0, 0, 0, 0, '', '2022-05-21'),
(49, 2, 0, 0, 0, 0, 0, 0, 0, 0, 0, 0, '&Sigma;ή&mu;&epsilon;&rho;&alpha; ή&rho;&theta;&alpha; &Chi;&alpha;&lambda;&kappa;ί&delta;&alpha; &kappa;&alpha;&iota; έ&delta;&omega;&sigma;&alpha; &kappa;&alpha;&iota; &tau;&omicron; &delta;ώ&rho;&omicron; &sigma;&tau;&omicron;&nu; &Kappa;ώ&sigma;&tau;&alpha;. &Chi;ά&rho;&eta;&kappa;&alpha; &pi;&omicron;&lambda;ύ.', '2022-05-22'),
(50, 2, 0, 0, 0, 0, 0, 0, 0, 0, 0, 0, '', '2022-05-23'),
(51, 2, 0, 0, 0, 0, 0, 0, 0, 0, 0, 0, '', '2022-05-21'),
(52, 1, 0, 0, 0, 0, 0, 0, 0, 0, 0, 0, '\n', '2022-05-23'),
(53, 1, 1400, 80, 195, 65, 0, 0, 0, 0, 0, 233, 'Hrsgsdfg', '2022-05-24'),
(54, 1, 0, 0, 0, 0, 0, 0, 0, 0, 0, 0, '', '2022-05-22'),
(55, 3, 0, 0, 0, 0, 0, 0, 0, 0, 0, 0, '', '2022-05-23'),
(56, 3, 0, 0, 0, 0, 0, 0, 0, 0, 0, 0, '', '2022-05-24'),
(57, 1, 0, 0, 0, 0, 0, 0, 0, 0, 0, 0, '', '2022-05-02'),
(58, 1, 0, 0, 0, 0, 0, 0, 0, 0, 0, 1500, '&Gamma;&epsilon;&iota;&iota;', '2022-05-25'),
(59, 1, 0, 0, 0, 0, 0, 0, 0, 0, 0, 0, '', '2022-05-26'),
(60, 2, 0, 0, 0, 0, 0, 0, 0, 0, 0, 0, '', '2022-05-25'),
(61, 1, 0, 0, 0, 0, 0, 0, 0, 0, 0, 0, '', '2022-05-27'),
(62, 2, 0, 0, 0, 0, 0, 0, 0, 0, 0, 0, '', '2022-05-27'),
(63, 1, 0, 0, 0, 0, 0, 0, 0, 0, 0, 0, '', '2022-05-28'),
(64, 2, 0, 0, 0, 0, 0, 0, 0, 0, 0, 0, '', '2022-05-28'),
(65, 1, 0, 0, 0, 0, 0, 0, 0, 0, 0, 0, '', '2022-05-29'),
(66, 2, 0, 0, 0, 0, 0, 0, 0, 0, 0, 0, '', '2022-05-29'),
(67, 1, 0, 0, 0, 0, 0, 0, 0, 0, 0, 0, '', '2022-05-30'),
(68, 1, 0, 0, 0, 0, 0, 0, 0, 0, 0, 0, '', '2022-05-31'),
(69, 1, 0, 0, 0, 0, 0, 0, 0, 0, 0, 0, '', '2022-06-01'),
(70, 1, 0, 0, 0, 0, 0, 0, 0, 0, 0, 0, '', '2022-06-03'),
(71, 1, 300, 160, 90, 156, 0, 0, 0, 0, 0, 0, '', '2022-06-06'),
(72, 1, 0, 0, 0, 0, 0, 0, 0, 0, 0, 238, 'gcgftc\n', '2022-06-07'),
(73, 1, 0, 0, 0, 0, 0, 0, 0, 0, 0, 0, '', '2022-06-08'),
(74, 1, 0, 0, 0, 0, 0, 0, 0, 0, 0, 5555, '&omega;&phi;&eta;&phi;\n', '2022-06-09'),
(75, 1, 0, 0, 0, 0, 0, 0, 0, 0, 0, 0, '', '2022-06-10'),
(76, 2, 0, 0, 0, 0, 0, 0, 0, 0, 0, 0, '', '2022-06-09'),
(77, 2, 0, 0, 0, 0, 0, 0, 0, 0, 0, 0, '', '2022-06-02'),
(78, 1, 0, 0, 0, 0, 0, 0, 0, 0, 0, 0, '', '2022-06-11'),
(79, 1, 0, 0, 0, 0, 0, 0, 0, 0, 0, 0, '', '2022-06-12'),
(80, 1, 0, 0, 0, 0, 0, 0, 0, 0, 0, 0, '', '2022-06-13'),
(81, 18, 0, 0, 0, 0, 0, 0, 0, 0, 0, 0, '', '2022-06-14'),
(82, 1, 1332, 922, 1101.2, 743.2, 0, 0, 0, 0, 0, 476, '', '2022-06-15'),
(83, 19, 1519.2, 922, 1101.2, 743.2, 0, 0, 0, 0, 0, 0, '', '2022-06-15'),
(84, 1, 0, 0, 0, 0, 0, 0, 0, 0, 0, 0, '', '2022-06-02'),
(85, 1, 888.25, 492.25, 936.25, 413, 0, 0, 0, 0, 0, 0, '', '2022-06-16'),
(86, 1, 0, 0, 354.25, 0, 0, 0, 0, 0, 0, 619, 'Done! &Nu;&alpha; &xi;&alpha;&nu;&alpha;&delta;ώ &tau;&iota;&sigmaf; &mu;&epsilon;&tau;&alpha;&beta;&lambda;&eta;&tau;έ&sigmaf; cosumedCalories, leftCalories. &Nu;&alpha; &delta;&omega; &tau;&omicron; &theta;έ&mu;&alpha; &pi;&omicron;&upsilon; &delta;&epsilon;&nu; &alpha;&lambda;&lambda;ά&zeta;&epsilon;&iota; &tau;&omicron; background &sigma;&tau;&omicron; &pi;&rho;&omega;&iota;&nu;ό.. &sigma;&tau;&omicron; edit &tau;&omega;&nu; &phi;&alpha;&gamma;&eta;&tau;ώ&nu;.', '2022-06-18'),
(87, 1, 83.77, 63.53, 1459.95, 751.67, 0, 0, 0, 0, 0, 0, '', '2022-06-19'),
(88, 1, 0, 0, 0, 0, 0, 0, 0, 0, 0, 0, '', '2022-06-20'),
(89, 1, 0, 0, 0, 0, 0, 0, 0, 0, 0, 0, '', '2022-06-21'),
(90, 1, 380.7, 66.63, 745.68, 278.7, 0, 0, 0, 0, 0, 500, 'Hi', '2022-06-22'),
(91, 1, 224.4, 415.8, 248.4, 340, 0, 0, 0, 0, 0, 0, '', '2022-06-23'),
(92, 1, 2639.2, 1308, 3475.6, 2337.6, 0, 0, 0, 0, 0, 476, '1) &Nu;&alpha; &rho;&omega;&tau;ή&sigma;&omega; &tau;&omicron;&nu; &kappa;&alpha;&theta;&eta;&gamma;&eta;&tau;ή &gamma;&iota;&alpha;&tau;ί &delta;&epsilon;&nu; &delta;&omicron;&upsilon;&lambda;&epsilon;ύ&epsilon;&iota; &tau;&omicron; &alpha;&nu;έ&beta;&alpha;&sigma;&mu;&alpha; &tau;&eta;&sigmaf; &phi;&omega;&tau;&omicron;&gamma;&rho;&alpha;&phi;ί&alpha;&sigmaf; &mu;έ&sigma;&alpha; &sigma;&tau;&omicron; &phi;ά&kappa;&epsilon;&lambda;&omicron;. 2) Ό&tau;&alpha;&nu; &kappa;ά&pi;&omicron;&iota;&omicron;&sigmaf; &delta;&epsilon;&nu; &tau;&omicron;&pi;&omicron;&theta;&epsilon;&tau;&epsilon;ί &kappa;ά&pi;&omicron;&iota;&alpha; &epsilon;&iota;&kappa;ό&nu;&alpha; &nu;&alpha; &tau;&omicron;&upsilon; &epsilon;&mu;&phi;&alpha;&nu;ί&zeta;&omega; &delta;ύ&pi;&lambda;&alpha; &alpha;&pi;ό &tau;&omicron; &phi;&alpha;&gamma;&eta;&tau;ό &tau;&eta;&nu; &epsilon;&iota;&kappa;ό&nu;&alpha; &mu;&epsilon; &tau;&omicron; &epsilon;&rho;&omega;&tau;&eta;&mu;&alpha;&tau;&iota;&kappa;ό ή &tau;&omicron; &alpha;&lambda;&lambda;ό;', '2022-06-24'),
(93, 1, 0, 0, 0, 0, 0, 0, 0, 0, 0, 1693, '\n', '2022-06-25'),
(94, 20, 0, 0, 0, 0, 0, 0, 0, 0, 0, 0, '', '2022-06-25'),
(95, 20, 0, 0, 0, 0, 0, 0, 0, 0, 0, 0, '', '2022-06-24'),
(96, 20, 0, 0, 0, 0, 0, 0, 0, 0, 0, 0, '', '2022-06-26'),
(97, 1, 0, 0, 0, 0, 0, 0, 0, 0, 0, 0, '', '2022-06-26'),
(98, 1, 523, 533, 691, 636, 0, 0, 0, 0, 0, 0, '', '2022-06-27'),
(99, 1, 0, 0, 0, 0, 0, 0, 0, 0, 0, 238, 'Good job for today!', '2022-06-28'),
(100, 1, 146.65, 0, 102.21, 177.76, 0, 0, 0, 0, 0, 0, '', '2022-06-29'),
(101, 2, 146.65, 0, 102.21, 177.76, 0, 0, 0, 0, 0, 0, '', '2022-06-29'),
(102, 1, 0, 0, 0, 0, 0, 0, 0, 0, 0, 0, '', '2022-07-02'),
(103, 1, 0, 0, 0, 0, 0, 0, 0, 0, 0, 0, '', '2022-07-03'),
(104, 1, 0, 0, 0, 0, 0, 0, 0, 0, 0, 0, '', '2022-07-01'),
(105, 1, 0, 0, 0, 0, 0, 0, 0, 0, 0, 0, '', '2022-06-30'),
(106, 1, 326.8, 500.1, 504.8, 424, 0, 0, 0, 0, 0, 0, '', '2022-07-06'),
(107, 1, 0, 77, 46, 34, 0, 0, 0, 0, 0, 0, '', '2022-07-07'),
(108, 1, 450, 2340, 320, 10, 0, 0, 0, 0, 0, 0, '', '2022-07-08'),
(109, 1, 0, 0, 0, 0, 0, 0, 0, 0, 0, 0, '', '2022-07-09'),
(110, 1, 345, 184, 103.5, 179.4, 0, 0, 0, 0, 0, 476, '', '2022-07-11'),
(111, 1, 0, 0, 0, 0, 0, 0, 0, 0, 0, 0, '', '2022-07-12'),
(112, 1, 0, 0, 0, 0, 0, 0, 0, 0, 0, 0, '', '2022-07-13'),
(113, 1, 550, 246, 614, 184, 0, 0, 0, 0, 0, 0, '', '2022-07-17'),
(114, 1, 0, 0, 0, 0, 0, 0, 0, 0, 0, 0, '', '2022-02-02'),
(115, 1, 0, 0, 0, 0, 0, 0, 0, 0, 0, 0, '', '2022-02-03'),
(116, 1, 0, 0, 0, 0, 0, 0, 0, 0, 0, 0, '', '2022-02-04'),
(117, 1, 0, 0, 0, 0, 0, 0, 0, 0, 0, 0, '', '2022-02-05'),
(118, 1, 0, 0, 0, 0, 0, 0, 0, 0, 0, 0, '', '2022-02-06'),
(119, 1, 0, 0, 0, 0, 0, 0, 0, 0, 0, 0, '', '2022-02-07'),
(120, 1, 0, 0, 0, 0, 0, 0, 0, 0, 0, 0, '', '2022-02-08'),
(121, 1, 0, 0, 0, 0, 0, 0, 0, 0, 0, 0, '', '2022-02-09'),
(122, 1, 0, 0, 0, 0, 0, 0, 0, 0, 0, 0, '', '2022-02-10'),
(123, 1, 0, 0, 0, 0, 0, 0, 0, 0, 0, 0, '', '2022-02-11'),
(124, 1, 0, 0, 0, 0, 0, 0, 0, 0, 0, 0, '', '2022-02-12'),
(125, 1, 0, 0, 0, 0, 0, 0, 0, 0, 0, 0, '', '2022-02-13'),
(126, 1, 0, 0, 0, 0, 0, 0, 0, 0, 0, 0, '', '2022-02-14'),
(127, 1, 0, 0, 0, 0, 0, 0, 0, 0, 0, 0, '', '2022-02-15'),
(128, 1, 0, 0, 0, 0, 0, 0, 0, 0, 0, 0, '', '2022-02-16'),
(129, 1, 0, 0, 0, 0, 0, 0, 0, 0, 0, 0, '', '2022-02-17'),
(130, 1, 0, 0, 0, 0, 0, 0, 0, 0, 0, 0, '', '2022-02-18'),
(131, 1, 0, 0, 0, 0, 0, 0, 0, 0, 0, 0, '', '2022-02-19'),
(132, 1, 0, 0, 0, 0, 0, 0, 0, 0, 0, 0, '', '2022-02-20'),
(133, 1, 0, 0, 0, 0, 0, 0, 0, 0, 0, 0, '', '2022-02-21'),
(134, 1, 0, 0, 0, 0, 0, 0, 0, 0, 0, 0, '', '2022-02-22'),
(135, 1, 0, 0, 0, 0, 0, 0, 0, 0, 0, 0, '', '2022-02-23'),
(136, 1, 0, 0, 0, 0, 0, 0, 0, 0, 0, 0, '', '2022-02-24'),
(137, 1, 0, 0, 0, 0, 0, 0, 0, 0, 0, 0, '', '2022-02-25'),
(138, 1, 0, 0, 0, 0, 0, 0, 0, 0, 0, 0, '', '2022-02-26'),
(139, 1, 0, 0, 0, 0, 0, 0, 0, 0, 0, 0, '', '2022-02-27'),
(140, 1, 0, 0, 0, 0, 0, 0, 0, 0, 0, 0, '', '2022-02-28'),
(141, 1, 0, 0, 0, 0, 0, 0, 0, 0, 0, 0, '', '2022-03-01'),
(142, 1, 0, 0, 0, 0, 0, 0, 0, 0, 0, 0, '', '2022-03-02'),
(143, 1, 0, 0, 0, 0, 0, 0, 0, 0, 0, 0, '', '2022-03-04'),
(144, 1, 0, 0, 0, 0, 0, 0, 0, 0, 0, 0, '', '2022-03-05'),
(145, 1, 0, 0, 0, 0, 0, 0, 0, 0, 0, 0, '', '2022-03-06'),
(146, 1, 0, 0, 0, 0, 0, 0, 0, 0, 0, 0, '', '2022-03-07'),
(147, 1, 0, 0, 0, 0, 0, 0, 0, 0, 0, 0, '', '2022-03-08'),
(148, 1, 0, 0, 0, 0, 0, 0, 0, 0, 0, 0, '', '2022-03-09'),
(149, 1, 0, 0, 0, 0, 0, 0, 0, 0, 0, 0, '', '2022-03-10'),
(150, 1, 0, 0, 0, 0, 0, 0, 0, 0, 0, 0, '', '2022-03-11'),
(151, 1, 0, 0, 0, 0, 0, 0, 0, 0, 0, 0, '', '2022-03-12'),
(152, 1, 0, 0, 0, 0, 0, 0, 0, 0, 0, 0, '', '2022-03-13'),
(153, 1, 0, 0, 0, 0, 0, 0, 0, 0, 0, 0, '', '2022-03-14'),
(154, 1, 0, 0, 0, 0, 0, 0, 0, 0, 0, 0, '', '2022-03-15'),
(155, 1, 0, 0, 0, 0, 0, 0, 0, 0, 0, 0, '', '2022-03-16'),
(156, 1, 0, 0, 0, 0, 0, 0, 0, 0, 0, 0, '', '2022-03-17'),
(157, 1, 0, 0, 0, 0, 0, 0, 0, 0, 0, 0, '', '2022-03-18'),
(158, 1, 0, 0, 0, 0, 0, 0, 0, 0, 0, 0, '', '2022-03-19'),
(159, 1, 0, 0, 0, 0, 0, 0, 0, 0, 0, 0, '', '2022-03-20'),
(160, 1, 0, 0, 0, 0, 0, 0, 0, 0, 0, 0, '', '2022-03-21'),
(161, 1, 0, 0, 0, 0, 0, 0, 0, 0, 0, 0, '', '2022-03-22'),
(162, 1, 0, 0, 0, 0, 0, 0, 0, 0, 0, 0, '', '2022-03-23'),
(163, 1, 0, 0, 0, 0, 0, 0, 0, 0, 0, 0, '', '2022-03-24'),
(164, 1, 0, 0, 0, 0, 0, 0, 0, 0, 0, 0, '', '2022-03-25'),
(165, 1, 0, 0, 0, 0, 0, 0, 0, 0, 0, 0, '', '2022-03-26'),
(166, 1, 0, 0, 0, 0, 0, 0, 0, 0, 0, 0, '', '2022-03-27'),
(167, 1, 0, 0, 0, 0, 0, 0, 0, 0, 0, 0, '', '2022-03-28'),
(168, 1, 0, 0, 0, 0, 0, 0, 0, 0, 0, 0, '', '2022-03-29'),
(169, 1, 0, 0, 0, 0, 0, 0, 0, 0, 0, 0, '', '2022-03-30'),
(170, 1, 0, 0, 0, 0, 0, 0, 0, 0, 0, 0, '', '2022-03-31'),
(171, 1, 0, 0, 0, 0, 0, 0, 0, 0, 0, 0, '', '2022-04-01'),
(172, 1, 0, 0, 0, 0, 0, 0, 0, 0, 0, 0, '', '2022-04-02'),
(173, 1, 0, 0, 0, 0, 0, 0, 0, 0, 0, 0, '', '2022-04-05'),
(174, 1, 0, 0, 0, 0, 0, 0, 0, 0, 0, 0, '', '2022-04-06'),
(175, 1, 0, 0, 0, 0, 0, 0, 0, 0, 0, 0, '', '2022-04-08'),
(176, 1, 0, 0, 0, 0, 0, 0, 0, 0, 0, 0, '', '2022-04-09'),
(177, 1, 0, 0, 0, 0, 0, 0, 0, 0, 0, 0, '', '2022-04-10'),
(178, 1, 0, 0, 0, 0, 0, 0, 0, 0, 0, 0, '', '2022-04-11'),
(179, 1, 0, 0, 0, 0, 0, 0, 0, 0, 0, 0, '', '2022-04-12'),
(180, 1, 0, 0, 0, 0, 0, 0, 0, 0, 0, 0, '', '2022-04-13'),
(181, 1, 0, 0, 0, 0, 0, 0, 0, 0, 0, 0, '', '2022-04-14'),
(182, 1, 0, 0, 0, 0, 0, 0, 0, 0, 0, 0, '', '2022-04-15'),
(183, 1, 0, 0, 0, 0, 0, 0, 0, 0, 0, 0, '', '2022-04-16'),
(184, 1, 0, 0, 0, 0, 0, 0, 0, 0, 0, 0, '', '2022-04-17'),
(185, 1, 0, 0, 0, 0, 0, 0, 0, 0, 0, 0, '', '2022-04-18'),
(186, 1, 0, 0, 0, 0, 0, 0, 0, 0, 0, 0, '', '2022-04-19'),
(187, 1, 0, 0, 0, 0, 0, 0, 0, 0, 0, 0, '', '2022-04-20'),
(188, 1, 0, 0, 0, 0, 0, 0, 0, 0, 0, 0, '', '2022-04-21'),
(189, 1, 0, 0, 0, 0, 0, 0, 0, 0, 0, 0, '', '2022-04-22'),
(190, 1, 0, 0, 0, 0, 0, 0, 0, 0, 0, 0, '', '2022-04-23'),
(191, 1, 0, 0, 0, 0, 0, 0, 0, 0, 0, 0, '', '2022-04-24'),
(192, 1, 0, 0, 0, 0, 0, 0, 0, 0, 0, 0, '', '2022-04-25'),
(193, 1, 0, 0, 0, 0, 0, 0, 0, 0, 0, 0, '', '2022-04-26'),
(194, 1, 0, 0, 0, 0, 0, 0, 0, 0, 0, 0, '', '2022-04-27'),
(195, 1, 0, 0, 0, 0, 0, 0, 0, 0, 0, 0, '', '2022-04-28'),
(196, 1, 0, 0, 0, 0, 0, 0, 0, 0, 0, 0, '', '2022-04-29'),
(197, 1, 0, 0, 0, 0, 0, 0, 0, 0, 0, 0, '', '2022-04-30'),
(198, 1, 0, 0, 0, 0, 0, 0, 0, 0, 0, 0, '', '2022-05-01'),
(199, 1, 0, 0, 0, 0, 0, 0, 0, 0, 0, 0, '', '2022-07-10'),
(200, 1, 0, 0, 92, 68, 38, 112, 130, 48, 152, 0, '', '2022-07-20'),
(201, 1, 0, 0, 0, 0, 0, 0, 0, 0, 0, 0, '', '2022-07-22'),
(202, 1, 0, 0, 0, 0, 0, 0, 0, 0, 0, 238, 'fegr', '2022-07-23'),
(203, 1, 0, 0, 0, 0, 0, 0, 0, 0, 0, 0, '', '2022-07-24'),
(204, 1, 0, 0, 0, 0, 0, 0, 0, 0, 0, 0, '', '2022-07-26'),
(205, 1, 0, 0, 0, 0, 0, 0, 0, 0, 0, 0, '', '2022-07-25'),
(206, 21, 0, 0, 0, 0, 0, 0, 0, 0, 0, 0, '', '2022-07-26'),
(207, 1, 562.5, 0, 505.5, 216, 79, 300, 277, 126, 280, 0, '', '2022-07-27'),
(208, 21, 0, 0, 215.7, 0, 0, 111, 96.4, 25.2, 0, 952, '', '2022-07-27'),
(209, 21, 0, 0, 0, 0, 0, 0, 0, 0, 0, 0, '', '2022-07-28'),
(210, 21, 0, 0, 0, 0, 0, 0, 0, 0, 0, 0, '', '2022-07-25'),
(211, 21, 0, 0, 0, 0, 0, 0, 0, 0, 0, 0, '', '2022-05-26'),
(212, 1, 0, 0, 0, 0, 0, 0, 0, 0, 0, 0, '', '2022-07-28'),
(213, 6, 0, 0, 0, 0, 0, 0, 0, 0, 0, 0, '', '2022-07-28'),
(214, 7, 0, 0, 0, 0, 0, 0, 0, 0, 0, 0, '', '2022-07-28'),
(215, 5, 0, 0, 0, 0, 0, 0, 0, 0, 0, 0, '', '2022-07-28'),
(216, 8, 0, 0, 0, 0, 0, 0, 0, 0, 0, 0, '', '2022-07-28'),
(217, 4, 0, 0, 0, 0, 0, 0, 0, 0, 0, 0, '', '2022-07-28'),
(218, 10, 0, 0, 0, 0, 0, 0, 0, 0, 0, 0, '', '2022-07-28'),
(219, 9, 0, 0, 0, 0, 0, 0, 0, 0, 0, 0, '', '2022-07-28'),
(220, 3, 0, 0, 0, 0, 0, 0, 0, 0, 0, 0, '', '2022-07-28'),
(221, 2, 0, 0, 0, 0, 0, 0, 0, 0, 0, 0, '', '2022-07-28'),
(222, 20, 0, 0, 0, 0, 0, 0, 0, 0, 0, 0, '', '2022-07-28'),
(223, 11, 0, 0, 0, 0, 0, 0, 0, 0, 0, 0, '', '2022-07-28'),
(225, 13, 0, 0, 0, 0, 0, 0, 0, 0, 0, 0, '', '2022-07-28'),
(227, 15, 0, 0, 0, 0, 0, 0, 0, 0, 0, 0, '', '2022-07-28'),
(229, 18, 0, 0, 0, 0, 0, 0, 0, 0, 0, 0, '', '2022-07-28'),
(230, 19, 0, 0, 0, 0, 0, 0, 0, 0, 0, 0, '', '2022-07-28'),
(231, 6, 0, 0, 0, 0, 0, 0, 0, 0, 0, 0, '', '2022-07-29'),
(232, 7, 0, 0, 0, 0, 0, 0, 0, 0, 0, 0, '', '2022-07-29'),
(233, 5, 0, 0, 0, 0, 0, 0, 0, 0, 0, 0, '', '2022-07-29'),
(234, 8, 0, 0, 0, 0, 0, 0, 0, 0, 0, 0, '', '2022-07-29'),
(235, 4, 0, 0, 0, 0, 0, 0, 0, 0, 0, 0, '', '2022-07-29'),
(236, 10, 0, 0, 0, 0, 0, 0, 0, 0, 0, 0, '', '2022-07-29'),
(237, 1, 0, 0, 0, 0, 0, 0, 0, 0, 0, 0, '', '2022-07-29'),
(238, 9, 0, 0, 0, 0, 0, 0, 0, 0, 0, 0, '', '2022-07-29'),
(239, 3, 0, 0, 0, 0, 0, 0, 0, 0, 0, 0, '', '2022-07-29'),
(240, 2, 0, 0, 0, 0, 0, 0, 0, 0, 0, 0, '', '2022-07-29'),
(241, 20, 0, 0, 0, 0, 0, 0, 0, 0, 0, 0, '', '2022-07-29'),
(242, 11, 0, 0, 0, 0, 0, 0, 0, 0, 0, 0, '', '2022-07-29'),
(244, 13, 0, 0, 0, 0, 0, 0, 0, 0, 0, 0, '', '2022-07-29'),
(246, 15, 0, 0, 0, 0, 0, 0, 0, 0, 0, 0, '', '2022-07-29'),
(248, 18, 0, 0, 0, 0, 0, 0, 0, 0, 0, 0, '', '2022-07-29'),
(249, 19, 0, 0, 0, 0, 0, 0, 0, 0, 0, 0, '', '2022-07-29'),
(250, 21, 0, 0, 0, 0, 0, 0, 0, 0, 0, 0, '', '2022-07-29'),
(251, 2, 0, 0, 0, 0, 0, 573.18, 472.32, 155.72, 492.68, 714, 'Ό&lambda;&omicron; &beta;&lambda;&alpha;&kappa;&epsilon;ί&epsilon;&sigmaf; &pi;&epsilon;&rho;&nu;ά&omega;', '2022-07-31'),
(252, 2, 0, 0, 0, 0, 0, 0, 0, 0, 0, 0, '', '2022-06-21'),
(253, 2, 0, 0, 0, 0, 0, 0, 0, 0, 0, 0, '', '2022-07-30'),
(254, 1, 0, 0, 0, 0, 0, 0, 0, 0, 0, 0, '', '2022-08-01'),
(255, 1, 0, 0, 0, 0, 0, 0, 0, 0, 0, 476, '', '2022-08-02'),
(256, 1, 0, 0, 0, 0, 0, 0, 0, 0, 0, 0, '', '2022-08-07'),
(257, 21, 0, 0, 0, 0, 0, 0, 0, 0, 0, 0, '', '2022-08-02'),
(258, 1, 0, 0, 0, 0, 0, 0, 0, 0, 0, 0, '', '2022-08-09'),
(259, 21, 0, 0, 0, 0, 0, 0, 0, 0, 0, 0, '', '2022-08-03'),
(260, 1, 0, 0, 0, 0, 0, 0, 0, 0, 0, 0, '', '2022-08-03'),
(261, 1, 0, 0, 0, 0, 0, 0, 0, 0, 0, 0, 'gfhghythtyhtyhtyhjtyhtyh56h656h\n', '2022-08-04'),
(262, 1, 0, 0, 0, 0, 0, 0, 0, 0, 0, 0, 'iguiuk\n', '2022-08-05'),
(263, 1, 0, 0, 0, 0, 0, 0, 0, 0, 0, 0, '', '2022-08-06'),
(264, 2, 0, 0, 0, 0, 0, 0, 0, 0, 0, 0, '', '2022-08-07'),
(265, 2, 0, 0, 0, 0, 0, 0, 0, 0, 0, 0, '', '2022-08-08'),
(266, 22, 0, 0, 0, 0, 0, 0, 0, 0, 0, 119, '', '2022-08-07'),
(267, 1, 0, 0, 0, 0, 0, 0, 0, 0, 0, 0, '', '2022-08-11'),
(268, 1, 0, 0, 0, 0, 0, 0, 0, 0, 0, 0, '', '2022-08-13'),
(269, 1, 0, 0, 0, 0, 0, 0, 0, 0, 0, 0, '', '2022-08-14'),
(270, 1, 0, 0, 0, 0, 0, 0, 0, 0, 0, 0, '', '2022-08-23'),
(271, 1, 0, 0, 0, 0, 0, 0, 0, 0, 0, 0, '', '2022-08-27'),
(272, 20, 320, 0, 352, 154, 67, 430, 143, 449, 124, 238, '', '2022-08-27'),
(273, 24, 174, 0, 1374, 136, 1374, 13774, 172, 1374, 174, 0, '', '2022-08-27'),
(274, 1, 87, 0, 687, 68, 1374, 1376, 172, 1374, 174, 0, 'fgfd', '2022-08-30'),
(275, 1, 0, 0, 0, 0, 0, 0, 0, 0, 0, 0, '', '2022-08-16'),
(276, 1, 0, 0, 0, 0, 0, 0, 0, 0, 0, 0, '', '2022-08-31'),
(277, 6, 0, 0, 0, 0, 0, 0, 0, 0, 0, 0, '', '2022-08-31'),
(278, 2, 0, 0, 0, 0, 0, 0, 0, 0, 0, 0, '', '2022-09-01'),
(279, 25, 0, 0, 0, 0, 0, 0, 0, 0, 0, 0, '', '2022-09-01'),
(280, 1, 0, 0, 0, 0, 0, 0, 0, 0, 0, 0, '', '2022-09-01'),
(281, 25, 150, 0, 45, 78, 13, 43, 54, 45, 76, 0, '', '2022-08-31'),
(282, 25, 0, 0, 0, 0, 0, 0, 0, 0, 0, 0, '', '2022-09-02'),
(283, 25, 0, 0, 0, 0, 0, 0, 0, 0, 0, 0, '', '2022-08-30'),
(284, 25, 0, 0, 0, 0, 0, 0, 0, 0, 0, 0, '', '2022-08-29'),
(285, 25, 0, 0, 0, 0, 0, 0, 0, 0, 0, 0, '', '2022-08-28'),
(286, 25, 0, 0, 0, 0, 0, 0, 0, 0, 0, 0, '', '2022-08-27'),
(288, 25, 22, 33, 44, 55, 66, 88, 99, 77, 111, 0, '', '2022-08-05'),
(289, 25, 0, 0, 0, 0, 0, 0, 0, 0, 0, 0, '', '2022-08-26'),
(290, 25, 0, 0, 0, 0, 0, 0, 0, 0, 0, 0, '', '2022-08-25'),
(291, 25, 0, 0, 0, 0, 0, 0, 0, 0, 0, 0, '', '2022-08-24'),
(292, 25, 0, 0, 0, 0, 0, 0, 0, 0, 0, 0, '', '2022-08-23'),
(293, 25, 0, 0, 0, 0, 0, 0, 0, 0, 0, 0, '', '2022-08-22'),
(294, 25, 0, 0, 0, 0, 0, 0, 0, 0, 0, 0, '', '2022-08-21'),
(295, 25, 0, 0, 0, 0, 0, 0, 0, 0, 0, 0, '', '2022-08-20'),
(296, 25, 0, 0, 0, 0, 0, 0, 0, 0, 0, 0, '', '2022-08-19'),
(297, 25, 0, 0, 0, 0, 0, 0, 0, 0, 0, 0, '', '2022-08-18'),
(298, 25, 0, 0, 0, 0, 0, 0, 0, 0, 0, 0, '', '2022-08-17'),
(299, 25, 0, 0, 0, 0, 0, 0, 0, 0, 0, 0, '', '2022-08-16'),
(300, 25, 0, 0, 0, 0, 0, 0, 0, 0, 0, 0, '', '2022-08-15'),
(301, 25, 0, 0, 0, 0, 0, 0, 0, 0, 0, 0, '', '2022-08-14'),
(302, 25, 0, 0, 0, 0, 0, 0, 0, 0, 0, 0, '', '2022-08-13'),
(303, 25, 0, 0, 0, 0, 0, 0, 0, 0, 0, 0, '', '2022-08-12'),
(304, 25, 0, 0, 0, 0, 0, 0, 0, 0, 0, 0, '', '2022-08-11'),
(305, 25, 0, 0, 0, 0, 0, 0, 0, 0, 0, 0, '', '2022-08-10'),
(306, 1, 200, 0, 40, 60, 0, 0, 0, 0, 0, 0, '', '2022-09-02'),
(307, 2, 0, 0, 0, 0, 0, 0, 0, 0, 0, 0, '', '2022-09-02'),
(308, 2, 0, 0, 0, 0, 0, 0, 0, 0, 0, 0, '', '2022-08-06'),
(309, 2, 0, 0, 0, 0, 0, 0, 0, 0, 0, 0, '', '2022-08-05'),
(310, 2, 0, 0, 0, 0, 0, 0, 0, 0, 0, 0, '', '2022-08-04'),
(311, 2, 0, 0, 0, 0, 0, 0, 0, 0, 0, 0, '', '2022-08-03'),
(312, 2, 0, 0, 0, 0, 0, 0, 0, 0, 0, 0, '', '2022-08-02'),
(313, 2, 0, 0, 0, 0, 0, 0, 0, 0, 0, 0, '', '2022-08-01'),
(314, 2, 0, 0, 0, 0, 0, 0, 0, 0, 0, 0, '', '2022-08-31'),
(315, 2, 0, 0, 0, 0, 0, 0, 0, 0, 0, 0, '', '2022-08-30'),
(316, 2, 0, 0, 0, 0, 0, 0, 0, 0, 0, 0, '', '2022-08-29'),
(317, 2, 0, 0, 0, 0, 0, 0, 0, 0, 0, 0, '', '2022-08-28'),
(318, 2, 0, 0, 0, 0, 0, 0, 0, 0, 0, 0, '', '2022-08-27'),
(319, 2, 0, 0, 0, 0, 0, 0, 0, 0, 0, 0, '', '2022-08-26'),
(320, 2, 0, 0, 0, 0, 0, 0, 0, 0, 0, 0, '', '2022-08-25'),
(321, 2, 0, 0, 0, 0, 0, 0, 0, 0, 0, 0, '', '2022-08-24'),
(322, 2, 0, 0, 0, 0, 0, 0, 0, 0, 0, 0, '', '2022-08-23'),
(323, 2, 0, 0, 0, 0, 0, 0, 0, 0, 0, 0, '', '2022-08-22'),
(324, 2, 0, 0, 0, 0, 0, 0, 0, 0, 0, 0, '', '2022-08-21'),
(325, 2, 0, 0, 0, 0, 0, 0, 0, 0, 0, 0, '', '2022-08-20'),
(326, 2, 0, 0, 0, 0, 0, 0, 0, 0, 0, 0, '', '2022-08-19'),
(327, 2, 0, 0, 0, 0, 0, 0, 0, 0, 0, 0, '', '2022-08-18'),
(328, 2, 0, 0, 0, 0, 0, 0, 0, 0, 0, 0, '', '2022-08-17'),
(329, 2, 0, 0, 0, 0, 0, 0, 0, 0, 0, 0, '', '2022-08-16'),
(330, 2, 0, 0, 0, 0, 0, 0, 0, 0, 0, 0, '', '2022-08-15'),
(331, 2, 0, 0, 0, 0, 0, 0, 0, 0, 0, 0, '', '2022-08-14'),
(332, 2, 0, 0, 0, 0, 0, 0, 0, 0, 0, 0, '', '2022-08-13'),
(333, 2, 0, 0, 0, 0, 0, 0, 0, 0, 0, 0, '', '2022-08-12'),
(334, 2, 0, 0, 0, 0, 0, 0, 0, 0, 0, 0, '', '2022-08-11'),
(335, 2, 0, 0, 0, 0, 0, 0, 0, 0, 0, 0, '', '2022-08-10'),
(336, 2, 0, 0, 0, 0, 0, 0, 0, 0, 0, 0, '', '2022-08-09'),
(337, 2, 0, 0, 0, 0, 0, 0, 0, 0, 0, 0, '', '2022-07-27'),
(338, 2, 0, 0, 0, 0, 0, 0, 0, 0, 0, 0, '', '2022-07-26'),
(339, 2, 0, 0, 0, 0, 0, 0, 0, 0, 0, 0, '', '2022-07-25'),
(340, 2, 0, 0, 0, 0, 0, 0, 0, 0, 0, 0, '', '2022-07-24'),
(341, 2, 0, 0, 0, 0, 0, 0, 0, 0, 0, 0, '', '2022-07-23'),
(342, 2, 0, 0, 0, 0, 0, 0, 0, 0, 0, 0, '', '2022-07-22'),
(343, 2, 0, 0, 0, 0, 0, 0, 0, 0, 0, 0, '', '2022-07-21'),
(344, 2, 0, 0, 0, 0, 0, 0, 0, 0, 0, 0, '', '2022-07-20'),
(345, 2, 0, 0, 0, 0, 0, 0, 0, 0, 0, 0, '', '2022-07-19'),
(346, 2, 0, 0, 0, 0, 0, 0, 0, 0, 0, 0, '', '2022-07-18'),
(347, 2, 0, 0, 0, 0, 0, 0, 0, 0, 0, 0, '', '2022-07-17'),
(348, 2, 0, 0, 0, 0, 0, 0, 0, 0, 0, 0, '', '2022-07-16'),
(349, 2, 0, 0, 0, 0, 0, 0, 0, 0, 0, 0, '', '2022-07-15'),
(350, 2, 0, 0, 0, 0, 0, 0, 0, 0, 0, 0, '', '2022-07-14'),
(351, 2, 0, 0, 0, 0, 0, 0, 0, 0, 0, 0, '', '2022-07-13'),
(352, 2, 0, 0, 0, 0, 0, 0, 0, 0, 0, 0, '', '2022-07-12'),
(353, 2, 0, 0, 0, 0, 0, 0, 0, 0, 0, 0, '', '2022-07-11'),
(354, 2, 0, 0, 0, 0, 0, 0, 0, 0, 0, 0, '', '2022-07-10'),
(355, 2, 0, 0, 0, 0, 0, 0, 0, 0, 0, 0, '', '2022-07-09'),
(356, 2, 0, 0, 0, 0, 0, 0, 0, 0, 0, 0, '', '2022-07-08'),
(357, 2, 0, 0, 0, 0, 0, 0, 0, 0, 0, 0, '', '2022-07-07'),
(358, 2, 0, 0, 0, 0, 0, 0, 0, 0, 0, 0, '', '2022-07-06'),
(359, 2, 0, 0, 0, 0, 0, 0, 0, 0, 0, 0, '', '2022-07-05'),
(360, 2, 0, 0, 0, 0, 0, 0, 0, 0, 0, 0, '', '2022-07-04'),
(361, 2, 0, 0, 0, 0, 0, 0, 0, 0, 0, 0, '', '2022-07-03'),
(362, 2, 0, 0, 0, 0, 0, 0, 0, 0, 0, 0, '', '2022-07-02'),
(363, 2, 0, 0, 0, 0, 0, 0, 0, 0, 0, 0, '', '2022-07-01'),
(364, 2, 0, 0, 0, 0, 0, 0, 0, 0, 0, 0, '', '2022-06-30'),
(365, 2, 0, 0, 0, 0, 0, 0, 0, 0, 0, 0, '', '2022-06-28'),
(366, 1, 0, 0, 0, 0, 0, 0, 0, 0, 0, 0, '', '2022-09-03'),
(367, 2, 0, 0, 0, 0, 0, 0, 0, 0, 0, 0, '', '2022-09-03'),
(368, 5, 0, 0, 0, 0, 0, 0, 0, 0, 0, 0, '', '2022-09-03'),
(369, 1, 0, 0, 0, 0, 0, 0, 0, 0, 0, 0, '', '2022-09-04'),
(370, 2, 0, 0, 0, 0, 0, 0, 0, 0, 0, 0, '', '2022-09-04'),
(371, 1, 0, 0, 0, 0, 0, 0, 0, 0, 0, 1000, '', '2022-09-05'),
(372, 2, 563, 3, 34, 345, 34, 35, 34, 34, 34, 238, 'Jo kai Lo', '2022-09-05'),
(373, 1, 0, 0, 0, 0, 0, 0, 0, 0, 0, 0, '', '2022-09-06'),
(374, 4, 0, 0, 0, 0, 0, 0, 0, 0, 0, 0, '', '2022-09-05'),
(375, 2, 0, 0, 0, 0, 0, 0, 0, 0, 0, 0, '', '2022-09-06'),
(376, 1, 0, 0, 0, 0, 0, 0, 0, 0, 0, 0, '\n', '2022-09-07'),
(377, 1, 100, 10, 20, 30, 0, 0, 0, 0, 0, 0, '', '2022-09-08'),
(378, 26, 0, 0, 0, 0, 0, 0, 0, 0, 0, 0, '', '2022-09-08'),
(379, 3, 0, 0, 0, 0, 0, 0, 0, 0, 0, 0, '', '2022-09-08'),
(380, 18, 0, 0, 0, 0, 0, 0, 0, 0, 0, 0, '', '2022-09-08'),
(381, 27, 0, 0, 0, 0, 0, 0, 0, 0, 0, 0, '', '2022-09-08'),
(382, 19, 0, 0, 0, 0, 0, 0, 0, 0, 0, 0, '', '2022-09-08'),
(383, 28, 0, 0, 0, 0, 0, 0, 0, 0, 0, 0, '', '2022-09-08'),
(384, 29, 0, 0, 0, 0, 0, 0, 0, 0, 0, 0, '', '2022-09-08'),
(385, 30, 0, 0, 0, 0, 0, 0, 0, 0, 0, 0, '', '2022-09-08'),
(386, 10, 0, 0, 0, 0, 0, 0, 0, 0, 0, 0, '', '2022-09-08'),
(387, 2, 0, 0, 0, 0, 0, 0, 0, 0, 0, 0, '', '2022-09-08'),
(388, 6, 0, 0, 0, 0, 0, 0, 0, 0, 0, 0, '', '2022-09-08'),
(389, 7, 0, 0, 0, 0, 0, 0, 0, 0, 0, 0, '', '2022-09-08'),
(390, 1, 275, 123, 307, 92, 22, 85, 78, 24, 68, 0, '', '2022-09-09'),
(391, 6, 0, 0, 0, 0, 0, 0, 0, 0, 0, 0, '', '2022-09-09'),
(392, 5, 0, 0, 0, 0, 0, 0, 0, 0, 0, 0, '', '2022-09-09'),
(393, 4, 0, 0, 0, 0, 0, 0, 0, 0, 0, 0, '', '2022-09-09'),
(394, 1, 0, 0, 0, 0, 0, 0, 0, 0, 0, 0, '', '2022-09-24'),
(395, 28, 0, 0, 0, 0, 0, 0, 0, 0, 0, 0, '', '2022-09-09'),
(396, 28, 0, 0, 0, 0, 0, 0, 0, 0, 0, 0, '', '2022-09-07'),
(397, 28, 0, 0, 0, 0, 0, 0, 0, 0, 0, 0, '', '2022-09-06'),
(398, 28, 0, 0, 0, 0, 0, 0, 0, 0, 0, 0, '', '2022-09-05'),
(399, 28, 0, 0, 0, 0, 0, 0, 0, 0, 0, 0, '', '2022-09-04'),
(400, 28, 0, 0, 0, 0, 0, 0, 0, 0, 0, 0, '', '2022-09-03'),
(401, 28, 0, 0, 0, 0, 0, 0, 0, 0, 0, 0, '', '2022-09-02'),
(402, 28, 0, 0, 0, 0, 0, 0, 0, 0, 0, 0, '', '2022-09-01'),
(403, 28, 0, 0, 0, 0, 0, 0, 0, 0, 0, 0, '', '2022-08-31'),
(404, 28, 0, 0, 0, 0, 0, 0, 0, 0, 0, 0, '', '2022-08-30'),
(405, 28, 0, 0, 0, 0, 0, 0, 0, 0, 0, 0, '', '2022-08-29'),
(406, 28, 0, 0, 0, 0, 0, 0, 0, 0, 0, 0, '', '2022-08-28'),
(407, 28, 0, 0, 0, 0, 0, 0, 0, 0, 0, 0, '', '2022-08-27'),
(408, 28, 0, 0, 0, 0, 0, 0, 0, 0, 0, 0, '', '2022-08-26'),
(409, 28, 0, 0, 0, 0, 0, 0, 0, 0, 0, 0, '', '2022-08-25'),
(410, 28, 0, 0, 0, 0, 0, 0, 0, 0, 0, 0, '', '2022-08-24'),
(411, 28, 0, 0, 0, 0, 0, 0, 0, 0, 0, 0, '', '2022-08-23'),
(412, 28, 0, 0, 0, 0, 0, 0, 0, 0, 0, 0, '', '2022-08-22'),
(413, 28, 0, 0, 0, 0, 0, 0, 0, 0, 0, 0, '', '2022-08-21'),
(414, 28, 0, 0, 0, 0, 0, 0, 0, 0, 0, 0, '', '2022-08-20'),
(415, 28, 0, 0, 0, 0, 0, 0, 0, 0, 0, 0, '', '2022-08-19'),
(416, 28, 0, 0, 0, 0, 0, 0, 0, 0, 0, 0, '', '2022-08-18'),
(417, 28, 0, 0, 0, 0, 0, 0, 0, 0, 0, 0, '', '2022-08-17'),
(418, 28, 0, 0, 0, 0, 0, 0, 0, 0, 0, 0, '', '2022-08-16'),
(419, 28, 0, 0, 0, 0, 0, 0, 0, 0, 0, 0, '', '2022-08-15'),
(420, 28, 0, 0, 0, 0, 0, 0, 0, 0, 0, 0, '', '2022-08-14'),
(421, 28, 0, 0, 0, 0, 0, 0, 0, 0, 0, 0, '', '2022-08-13'),
(422, 28, 0, 0, 0, 0, 0, 0, 0, 0, 0, 0, '', '2022-08-12'),
(423, 28, 0, 0, 0, 0, 0, 0, 0, 0, 0, 0, '', '2022-08-11'),
(424, 28, 0, 0, 0, 0, 0, 0, 0, 0, 0, 0, '', '2022-08-10'),
(425, 28, 0, 0, 0, 0, 0, 0, 0, 0, 0, 0, '', '2022-08-09'),
(426, 28, 0, 0, 0, 0, 0, 0, 0, 0, 0, 0, '', '2022-08-08'),
(427, 28, 0, 0, 0, 0, 0, 0, 0, 0, 0, 0, '', '2022-08-07'),
(428, 11, 0, 0, 0, 0, 0, 0, 0, 0, 0, 0, '', '2022-09-09'),
(429, 24, 412.5, 184.5, 460.5, 138, 33, 127.5, 117, 36, 102, 0, '', '2022-09-09'),
(430, 1, 0, 0, 0, 0, 0, 0, 0, 0, 0, 476, '&Sigma;ή&mu;&epsilon;&rho;&alpha; &kappa;ά&theta;&eta;&sigma;&alpha; &mu;έ&chi;&rho;&iota; &tau;&eta;&sigmaf; 4 &tau;&omicron; &pi;&rho;&omega;ί &kappa;&alpha;&iota; &tau;&epsilon;&lambda;&epsilon;ί&omega;&sigma;&alpha; &tau;&eta;&nu; 3.4 &epsilon;&nu;ό&tau;&eta;&tau;&alpha; &tau;&eta;&sigmaf; &delta;&iota;&pi;&lambda;&omega;&mu;&alpha;&tau;&iota;&kappa;ή&sigmaf;.', '2022-09-10'),
(431, 2, 0, 0, 0, 0, 0, 0, 0, 0, 0, 0, '', '2022-09-10'),
(432, 1, 0, 0, 0, 0, 0, 0, 0, 0, 0, 0, '&Sigma;ή&mu;&epsilon;&rho;&alpha; &pi;ά&omega; &Alpha;&theta;ή&nu;&alpha;.', '2022-09-11'),
(433, 19, 0, 0, 0, 0, 0, 0, 0, 0, 0, 0, '', '2022-09-11'),
(434, 3, 0, 0, 0, 0, 0, 0, 0, 0, 0, 0, '', '2022-09-11'),
(435, 1, 0, 0, 0, 0, 0, 0, 0, 0, 0, 0, '', '2022-09-12'),
(436, 1, 0, 0, 0, 0, 0, 0, 0, 0, 0, 0, '', '2022-09-13'),
(437, 1, 0, 0, 0, 0, 0, 0, 0, 0, 0, 0, '&Alpha;ύ&rho;&iota;&omicron; 15/9 &sigma;&tau;&iota;&sigmaf; 9:30 &tau;&omicron; &pi;&rho;&omega;ί έ&chi;&omega; &sigma;&upsilon;&nu;ά&nu;&tau;&eta;&sigma;&eta; &mu;&epsilon; &tau;&omicron;&nu; &kappa;&alpha;&theta;&eta;&gamma;&eta;&tau;ή &gamma;&iota;&alpha; &nu;&alpha; &delta;&omicron;ύ&mu;&epsilon; &tau;&omicron; cron.php', '2022-09-14'),
(438, 1, 0, 0, 0, 0, 0, 0, 0, 0, 0, 0, '', '2022-09-15'),
(439, 2, 0, 0, 0, 0, 0, 0, 0, 0, 0, 0, '', '2022-09-11'),
(440, 30, 0, 0, 0, 0, 0, 0, 0, 0, 0, 0, '', '2022-09-14'),
(441, 6, 0, 0, 0, 0, 0, 0, 0, 0, 0, 0, '', '2022-09-15'),
(442, 26, 0, 0, 0, 0, 0, 0, 0, 0, 0, 0, '', '2022-09-15'),
(443, 7, 0, 0, 0, 0, 0, 0, 0, 0, 0, 0, '', '2022-09-15'),
(444, 27, 0, 0, 0, 0, 0, 0, 0, 0, 0, 0, '', '2022-09-15'),
(445, 5, 0, 0, 0, 0, 0, 0, 0, 0, 0, 0, '', '2022-09-15'),
(446, 6, 0, 0, 0, 0, 0, 0, 0, 0, 0, 0, '', '2022-09-16'),
(447, 1, 0, 0, 0, 0, 0, 0, 0, 0, 0, 0, '', '2022-09-16'),
(448, 6, 0, 0, 0, 0, 0, 0, 0, 0, 0, 0, '', '2022-09-17'),
(449, 1, 0, 0, 0, 0, 0, 0, 0, 0, 0, 0, '', '2022-09-17'),
(472, 25, 0, 0, 0, 0, 0, 0, 0, 0, 0, 0, '', '2022-09-17'),
(473, 26, 0, 0, 0, 0, 0, 0, 0, 0, 0, 0, '', '2022-09-17'),
(474, 7, 0, 0, 0, 0, 0, 0, 0, 0, 0, 0, '', '2022-09-17'),
(475, 27, 0, 0, 0, 0, 0, 0, 0, 0, 0, 0, '', '2022-09-17'),
(476, 5, 0, 0, 0, 0, 0, 0, 0, 0, 0, 0, '', '2022-09-17'),
(477, 8, 0, 0, 0, 0, 0, 0, 0, 0, 0, 0, '', '2022-09-17'),
(478, 30, 0, 0, 0, 0, 0, 0, 0, 0, 0, 0, '', '2022-09-17'),
(479, 4, 0, 0, 0, 0, 0, 0, 0, 0, 0, 0, '', '2022-09-17'),
(480, 10, 0, 0, 0, 0, 0, 0, 0, 0, 0, 0, '', '2022-09-17'),
(481, 9, 0, 0, 0, 0, 0, 0, 0, 0, 0, 0, '', '2022-09-17'),
(482, 3, 0, 0, 0, 0, 0, 0, 0, 0, 0, 0, '', '2022-09-17'),
(483, 2, 0, 0, 0, 0, 0, 0, 0, 0, 0, 0, '', '2022-09-17'),
(484, 29, 0, 0, 0, 0, 0, 0, 0, 0, 0, 0, '', '2022-09-17'),
(485, 28, 0, 0, 0, 0, 0, 0, 0, 0, 0, 0, '', '2022-09-17'),
(486, 20, 0, 0, 0, 0, 0, 0, 0, 0, 0, 0, '', '2022-09-17'),
(487, 11, 0, 0, 0, 0, 0, 0, 0, 0, 0, 0, '', '2022-09-17'),
(488, 13, 0, 0, 0, 0, 0, 0, 0, 0, 0, 0, '', '2022-09-17'),
(489, 15, 0, 0, 0, 0, 0, 0, 0, 0, 0, 0, '', '2022-09-17'),
(490, 18, 0, 0, 0, 0, 0, 0, 0, 0, 0, 0, '', '2022-09-17'),
(491, 19, 0, 0, 0, 0, 0, 0, 0, 0, 0, 0, '', '2022-09-17'),
(492, 21, 0, 0, 0, 0, 0, 0, 0, 0, 0, 0, '', '2022-09-17'),
(493, 22, 0, 0, 0, 0, 0, 0, 0, 0, 0, 0, '', '2022-09-17'),
(494, 24, 0, 0, 0, 0, 0, 0, 0, 0, 0, 0, '', '2022-09-17'),
(495, 26, 0, 0, 0, 0, 0, 0, 0, 0, 0, 0, '', '2022-09-16'),
(496, 7, 0, 0, 0, 0, 0, 0, 0, 0, 0, 0, '', '2022-09-16'),
(497, 27, 0, 0, 0, 0, 0, 0, 0, 0, 0, 0, '', '2022-09-16'),
(498, 5, 0, 0, 0, 0, 0, 0, 0, 0, 0, 0, '', '2022-09-16'),
(499, 8, 0, 0, 0, 0, 0, 0, 0, 0, 0, 0, '', '2022-09-16'),
(500, 30, 0, 0, 0, 0, 0, 0, 0, 0, 0, 0, '', '2022-09-16'),
(501, 4, 0, 0, 0, 0, 0, 0, 0, 0, 0, 0, '', '2022-09-16'),
(502, 10, 0, 0, 0, 0, 0, 0, 0, 0, 0, 0, '', '2022-09-16'),
(503, 9, 0, 0, 0, 0, 0, 0, 0, 0, 0, 0, '', '2022-09-16'),
(504, 3, 0, 0, 0, 0, 0, 0, 0, 0, 0, 0, '', '2022-09-16'),
(505, 2, 0, 0, 0, 0, 0, 0, 0, 0, 0, 0, '', '2022-09-16'),
(506, 29, 0, 0, 0, 0, 0, 0, 0, 0, 0, 0, '', '2022-09-16'),
(507, 28, 0, 0, 0, 0, 0, 0, 0, 0, 0, 0, '', '2022-09-16'),
(508, 20, 0, 0, 0, 0, 0, 0, 0, 0, 0, 0, '', '2022-09-16'),
(509, 11, 0, 0, 0, 0, 0, 0, 0, 0, 0, 0, '', '2022-09-16'),
(510, 13, 0, 0, 0, 0, 0, 0, 0, 0, 0, 0, '', '2022-09-16'),
(511, 15, 0, 0, 0, 0, 0, 0, 0, 0, 0, 0, '', '2022-09-16'),
(512, 18, 0, 0, 0, 0, 0, 0, 0, 0, 0, 0, '', '2022-09-16'),
(513, 19, 0, 0, 0, 0, 0, 0, 0, 0, 0, 0, '', '2022-09-16'),
(514, 21, 0, 0, 0, 0, 0, 0, 0, 0, 0, 0, '', '2022-09-16'),
(515, 22, 0, 0, 0, 0, 0, 0, 0, 0, 0, 0, '', '2022-09-16'),
(516, 24, 0, 0, 0, 0, 0, 0, 0, 0, 0, 0, '', '2022-09-16'),
(517, 25, 0, 0, 0, 0, 0, 0, 0, 0, 0, 0, '', '2022-09-16'),
(518, 6, 0, 0, 0, 0, 0, 0, 0, 0, 0, 0, '', '2022-09-18'),
(519, 26, 0, 0, 0, 0, 0, 0, 0, 0, 0, 0, '', '2022-09-18'),
(520, 7, 0, 0, 0, 0, 0, 0, 0, 0, 0, 0, '', '2022-09-18'),
(521, 27, 0, 0, 0, 0, 0, 0, 0, 0, 0, 0, '', '2022-09-18'),
(522, 5, 0, 0, 0, 0, 0, 0, 0, 0, 0, 0, '', '2022-09-18'),
(523, 8, 0, 0, 0, 0, 0, 0, 0, 0, 0, 0, '', '2022-09-18'),
(524, 30, 0, 0, 0, 0, 0, 0, 0, 0, 0, 0, '', '2022-09-18'),
(525, 4, 0, 0, 0, 0, 0, 0, 0, 0, 0, 0, '', '2022-09-18'),
(526, 10, 0, 0, 0, 0, 0, 0, 0, 0, 0, 0, '', '2022-09-18'),
(527, 1, 430, 6, 60, 12, 0, 0, 0, 0, 0, 0, '', '2022-09-18'),
(528, 9, 0, 0, 0, 0, 0, 0, 0, 0, 0, 0, '', '2022-09-18'),
(529, 3, 0, 0, 0, 0, 0, 0, 0, 0, 0, 0, '', '2022-09-18'),
(530, 2, 0, 0, 0, 0, 0, 0, 0, 0, 0, 0, '', '2022-09-18'),
(531, 29, 0, 0, 0, 0, 0, 0, 0, 0, 0, 0, '', '2022-09-18'),
(532, 28, 0, 0, 0, 0, 0, 0, 0, 0, 0, 0, '', '2022-09-18'),
(533, 20, 0, 0, 0, 0, 0, 0, 0, 0, 0, 0, '', '2022-09-18'),
(534, 11, 0, 0, 0, 0, 0, 0, 0, 0, 0, 0, '', '2022-09-18'),
(535, 13, 0, 0, 0, 0, 0, 0, 0, 0, 0, 0, '', '2022-09-18'),
(536, 15, 0, 0, 0, 0, 0, 0, 0, 0, 0, 0, '', '2022-09-18'),
(537, 18, 0, 0, 0, 0, 0, 0, 0, 0, 0, 0, '', '2022-09-18'),
(538, 19, 0, 0, 0, 0, 0, 0, 0, 0, 0, 0, '', '2022-09-18'),
(539, 21, 0, 0, 0, 0, 0, 0, 0, 0, 0, 0, '', '2022-09-18'),
(540, 22, 0, 0, 0, 0, 0, 0, 0, 0, 0, 0, '', '2022-09-18'),
(541, 24, 0, 0, 0, 0, 0, 0, 0, 0, 0, 0, '', '2022-09-18'),
(542, 25, 0, 0, 0, 0, 0, 0, 0, 0, 0, 0, '', '2022-09-18'),
(543, 31, 0, 0, 0, 0, 0, 0, 0, 0, 0, 0, '', '2022-09-18'),
(544, 32, 0, 0, 0, 0, 0, 0, 0, 0, 0, 0, '', '2022-09-18'),
(545, 6, 0, 0, 0, 0, 5496, 5504, 688, 5496, 696, 0, '', '2022-09-19'),
(546, 26, 0, 0, 0, 0, 5496, 5504, 688, 5496, 696, 0, '', '2022-09-19'),
(547, 7, 0, 0, 0, 0, 5496, 5504, 688, 5496, 696, 0, '', '2022-09-19'),
(548, 27, 0, 0, 0, 0, 5496, 5504, 688, 5496, 696, 0, '', '2022-09-19'),
(549, 5, 0, 0, 0, 0, 5496, 5504, 688, 5496, 696, 0, '', '2022-09-19'),
(550, 8, 0, 0, 0, 0, 5496, 5504, 688, 5496, 696, 0, '', '2022-09-19'),
(551, 30, 0, 0, 0, 0, 5496, 5504, 688, 5496, 696, 0, '', '2022-09-19'),
(552, 4, 0, 0, 0, 0, 5496, 5504, 688, 5496, 696, 0, '', '2022-09-19'),
(553, 10, 0, 0, 0, 0, 5496, 5504, 688, 5496, 696, 0, '', '2022-09-19'),
(554, 1, 0, 0, 0, 0, 5496, 5504, 688, 5496, 696, 0, '', '2022-09-19'),
(555, 9, 0, 0, 0, 0, 5496, 5504, 688, 5496, 696, 0, '', '2022-09-19'),
(556, 3, 0, 0, 0, 0, 5496, 5504, 688, 5496, 696, 0, '', '2022-09-19'),
(557, 2, 0, 0, 0, 0, 5496, 5504, 688, 5496, 696, 0, '', '2022-09-19'),
(558, 29, 0, 0, 0, 0, 5496, 5504, 688, 5496, 696, 0, '', '2022-09-19'),
(559, 28, 0, 0, 0, 0, 5496, 5504, 688, 5496, 696, 0, '', '2022-09-19'),
(560, 20, 0, 0, 0, 0, 5496, 5504, 688, 5496, 696, 0, '', '2022-09-19'),
(561, 11, 0, 0, 0, 0, 5496, 5504, 688, 5496, 696, 0, '', '2022-09-19'),
(562, 13, 0, 0, 0, 0, 5496, 5504, 688, 5496, 696, 0, '', '2022-09-19'),
(563, 15, 0, 0, 0, 0, 5496, 5504, 688, 5496, 696, 0, '', '2022-09-19'),
(564, 18, 0, 0, 0, 0, 5496, 5504, 688, 5496, 696, 0, '', '2022-09-19'),
(565, 19, 0, 0, 0, 0, 5496, 5504, 688, 5496, 696, 0, '', '2022-09-19'),
(566, 21, 0, 0, 0, 0, 5496, 5504, 688, 5496, 696, 0, '', '2022-09-19'),
(567, 22, 0, 0, 0, 0, 5496, 5504, 688, 5496, 696, 0, '', '2022-09-19'),
(568, 24, 0, 0, 0, 0, 5496, 5504, 688, 5496, 696, 0, '', '2022-09-19'),
(569, 25, 0, 0, 0, 0, 5496, 5504, 688, 5496, 696, 0, '', '2022-09-19'),
(570, 31, 0, 0, 0, 0, 5496, 5504, 688, 5496, 696, 0, '', '2022-09-19'),
(571, 32, 0, 0, 0, 0, 5496, 5504, 688, 5496, 696, 0, '', '2022-09-19'),
(572, 6, 0, 0, 0, 0, 0, 0, 0, 0, 0, 0, '', '2022-09-20'),
(573, 26, 0, 0, 0, 0, 0, 0, 0, 0, 0, 0, '', '2022-09-20'),
(574, 7, 0, 0, 0, 0, 0, 0, 0, 0, 0, 0, '', '2022-09-20'),
(575, 27, 0, 0, 0, 0, 0, 0, 0, 0, 0, 0, '', '2022-09-20'),
(576, 5, 0, 0, 0, 0, 0, 0, 0, 0, 0, 0, '', '2022-09-20'),
(577, 8, 0, 0, 0, 0, 0, 0, 0, 0, 0, 0, '', '2022-09-20'),
(578, 30, 0, 0, 0, 0, 0, 0, 0, 0, 0, 0, '', '2022-09-20'),
(579, 4, 0, 0, 0, 0, 0, 0, 0, 0, 0, 0, '', '2022-09-20'),
(580, 10, 0, 0, 0, 0, 0, 0, 0, 0, 0, 0, '', '2022-09-20'),
(581, 1, 0, 0, 0, 0, 0, 0, 0, 0, 0, 0, '', '2022-09-20'),
(582, 9, 0, 0, 0, 0, 0, 0, 0, 0, 0, 0, '', '2022-09-20'),
(583, 3, 0, 0, 0, 0, 0, 0, 0, 0, 0, 0, '', '2022-09-20'),
(584, 2, 0, 0, 0, 0, 0, 0, 0, 0, 0, 0, '', '2022-09-20'),
(585, 29, 0, 0, 0, 0, 0, 0, 0, 0, 0, 0, '', '2022-09-20'),
(586, 28, 0, 0, 0, 0, 0, 0, 0, 0, 0, 0, '', '2022-09-20'),
(587, 20, 0, 0, 0, 0, 0, 0, 0, 0, 0, 0, '', '2022-09-20'),
(588, 11, 0, 0, 0, 0, 0, 0, 0, 0, 0, 0, '', '2022-09-20'),
(589, 13, 0, 0, 0, 0, 0, 0, 0, 0, 0, 0, '', '2022-09-20'),
(590, 15, 0, 0, 0, 0, 0, 0, 0, 0, 0, 0, '', '2022-09-20'),
(591, 18, 0, 0, 0, 0, 0, 0, 0, 0, 0, 0, '', '2022-09-20'),
(592, 19, 0, 0, 0, 0, 0, 0, 0, 0, 0, 0, '', '2022-09-20'),
(593, 21, 0, 0, 0, 0, 0, 0, 0, 0, 0, 0, '', '2022-09-20'),
(594, 22, 0, 0, 0, 0, 0, 0, 0, 0, 0, 0, '', '2022-09-20'),
(595, 24, 0, 0, 0, 0, 0, 0, 0, 0, 0, 0, '', '2022-09-20'),
(596, 25, 0, 0, 0, 0, 0, 0, 0, 0, 0, 0, '', '2022-09-20'),
(597, 31, 0, 0, 0, 0, 0, 0, 0, 0, 0, 0, '', '2022-09-20'),
(598, 32, 0, 0, 0, 0, 0, 0, 0, 0, 0, 0, '', '2022-09-20'),
(599, 6, 0, 0, 0, 0, 0, 0, 0, 0, 0, 0, '', '2022-09-21'),
(600, 26, 0, 0, 0, 0, 0, 0, 0, 0, 0, 0, '', '2022-09-21'),
(601, 7, 0, 0, 0, 0, 0, 0, 0, 0, 0, 0, '', '2022-09-21'),
(602, 27, 0, 0, 0, 0, 0, 0, 0, 0, 0, 0, '', '2022-09-21'),
(603, 5, 0, 0, 0, 0, 0, 0, 0, 0, 0, 0, '', '2022-09-21'),
(604, 8, 0, 0, 0, 0, 0, 0, 0, 0, 0, 0, '', '2022-09-21'),
(605, 30, 0, 0, 0, 0, 0, 0, 0, 0, 0, 0, '', '2022-09-21'),
(606, 4, 0, 0, 0, 0, 0, 0, 0, 0, 0, 0, '', '2022-09-21'),
(607, 10, 0, 0, 0, 0, 0, 0, 0, 0, 0, 0, '', '2022-09-21'),
(608, 1, 0, 0, 0, 0, 0, 0, 0, 0, 0, 2000, '', '2022-09-21'),
(609, 9, 0, 0, 0, 0, 0, 0, 0, 0, 0, 0, '', '2022-09-21'),
(610, 3, 0, 0, 0, 0, 0, 0, 0, 0, 0, 0, '', '2022-09-21'),
(611, 2, 0, 0, 0, 0, 0, 0, 0, 0, 0, 0, '', '2022-09-21'),
(612, 29, 0, 0, 0, 0, 0, 0, 0, 0, 0, 0, '', '2022-09-21'),
(613, 28, 0, 0, 0, 0, 0, 0, 0, 0, 0, 0, '', '2022-09-21'),
(614, 20, 0, 0, 0, 0, 0, 0, 0, 0, 0, 0, '', '2022-09-21'),
(615, 11, 0, 0, 0, 0, 0, 0, 0, 0, 0, 0, '', '2022-09-21'),
(616, 13, 0, 0, 0, 0, 0, 0, 0, 0, 0, 0, '', '2022-09-21'),
(617, 15, 0, 0, 0, 0, 0, 0, 0, 0, 0, 0, '', '2022-09-21'),
(618, 18, 0, 0, 0, 0, 0, 0, 0, 0, 0, 0, '', '2022-09-21'),
(619, 19, 0, 0, 0, 0, 0, 0, 0, 0, 0, 0, '', '2022-09-21'),
(620, 21, 0, 0, 0, 0, 0, 0, 0, 0, 0, 0, '', '2022-09-21'),
(621, 22, 0, 0, 0, 0, 0, 0, 0, 0, 0, 0, '', '2022-09-21'),
(622, 24, 0, 0, 0, 0, 0, 0, 0, 0, 0, 0, '', '2022-09-21'),
(623, 25, 0, 0, 0, 0, 0, 0, 0, 0, 0, 0, '', '2022-09-21'),
(624, 31, 0, 0, 0, 0, 0, 0, 0, 0, 0, 0, '', '2022-09-21'),
(625, 32, 0, 0, 0, 0, 0, 0, 0, 0, 0, 0, '', '2022-09-21'),
(626, 6, 0, 0, 0, 0, 0, 0, 0, 0, 0, 0, '', '2022-09-22'),
(627, 26, 0, 0, 0, 0, 0, 0, 0, 0, 0, 0, '', '2022-09-22'),
(628, 7, 0, 0, 0, 0, 0, 0, 0, 0, 0, 0, '', '2022-09-22'),
(629, 27, 0, 0, 0, 0, 0, 0, 0, 0, 0, 0, '', '2022-09-22'),
(630, 5, 0, 0, 0, 0, 0, 0, 0, 0, 0, 0, '', '2022-09-22'),
(631, 8, 0, 0, 0, 0, 0, 0, 0, 0, 0, 0, '', '2022-09-22'),
(632, 30, 0, 0, 0, 0, 0, 0, 0, 0, 0, 0, '', '2022-09-22'),
(633, 4, 0, 0, 0, 0, 0, 0, 0, 0, 0, 0, '', '2022-09-22'),
(634, 10, 0, 0, 0, 0, 0, 0, 0, 0, 0, 0, '', '2022-09-22'),
(635, 1, 0, 0, 0, 0, 0, 0, 0, 0, 0, 0, '', '2022-09-22'),
(636, 9, 0, 0, 0, 0, 0, 0, 0, 0, 0, 0, '', '2022-09-22'),
(637, 3, 0, 0, 0, 0, 0, 0, 0, 0, 0, 0, '', '2022-09-22'),
(638, 2, 0, 0, 0, 0, 0, 0, 0, 0, 0, 0, '', '2022-09-22'),
(639, 29, 0, 0, 0, 0, 0, 0, 0, 0, 0, 0, '', '2022-09-22'),
(640, 28, 0, 0, 0, 0, 0, 0, 0, 0, 0, 0, '', '2022-09-22'),
(641, 20, 0, 0, 0, 0, 0, 0, 0, 0, 0, 0, '', '2022-09-22'),
(642, 11, 0, 0, 0, 0, 0, 0, 0, 0, 0, 0, '', '2022-09-22'),
(643, 13, 0, 0, 0, 0, 0, 0, 0, 0, 0, 0, '', '2022-09-22'),
(644, 15, 0, 0, 0, 0, 0, 0, 0, 0, 0, 0, '', '2022-09-22'),
(645, 18, 0, 0, 0, 0, 0, 0, 0, 0, 0, 0, '', '2022-09-22'),
(646, 19, 0, 0, 0, 0, 0, 0, 0, 0, 0, 0, '', '2022-09-22'),
(647, 21, 0, 0, 0, 0, 0, 0, 0, 0, 0, 0, '', '2022-09-22'),
(648, 22, 0, 0, 0, 0, 0, 0, 0, 0, 0, 0, '', '2022-09-22'),
(649, 24, 0, 0, 0, 0, 0, 0, 0, 0, 0, 0, '', '2022-09-22'),
(650, 25, 0, 0, 0, 0, 0, 0, 0, 0, 0, 0, '', '2022-09-22'),
(651, 31, 0, 0, 0, 0, 0, 0, 0, 0, 0, 0, '', '2022-09-22'),
(652, 32, 0, 0, 0, 0, 0, 0, 0, 0, 0, 0, '', '2022-09-22');

-- --------------------------------------------------------

--
-- Δομή πίνακα για τον πίνακα `fatpercentage`
--

CREATE TABLE `fatpercentage` (
  `id` int(11) NOT NULL,
  `idUser` int(11) NOT NULL,
  `fatPercentage` int(11) NOT NULL,
  `fatDate` date NOT NULL
) ENGINE=InnoDB DEFAULT CHARSET=utf8mb4;

--
-- Άδειασμα δεδομένων του πίνακα `fatpercentage`
--

INSERT INTO `fatpercentage` (`id`, `idUser`, `fatPercentage`, `fatDate`) VALUES
(2, 167, 25, '2022-06-26'),
(4, 167, 55, '2022-06-28'),
(5, 167, 20, '2022-06-25'),
(6, 167, 30, '2022-06-27'),
(7, 170, 50, '2022-06-29'),
(8, 167, 64, '2022-06-29'),
(10, 167, 88, '2022-07-14'),
(11, 167, 10, '2022-07-13'),
(12, 167, 78, '2022-07-12'),
(13, 167, 14, '2022-07-21'),
(14, 174, 42, '2022-08-28'),
(15, 167, 85, '2022-09-04'),
(16, 170, 60, '2022-09-03'),
(17, 167, 99, '2022-09-09');

-- --------------------------------------------------------

--
-- Δομή πίνακα για τον πίνακα `favourites`
--

CREATE TABLE `favourites` (
  `id` int(11) NOT NULL,
  `idUser` int(11) NOT NULL,
  `idFood` int(11) NOT NULL,
  `isFavourite` tinyint(1) NOT NULL,
  `favouriteDate` datetime NOT NULL
) ENGINE=InnoDB DEFAULT CHARSET=utf8mb4;

--
-- Άδειασμα δεδομένων του πίνακα `favourites`
--

INSERT INTO `favourites` (`id`, `idUser`, `idFood`, `isFavourite`, `favouriteDate`) VALUES
(372, 167, 45, 2, '2022-07-09 00:56:41'),
(381, 167, 8, 2, '2022-08-07 16:45:18'),
(384, 167, 88, 2, '2022-08-30 14:11:21'),
(388, 170, 11, 2, '2022-09-05 18:38:36'),
(390, 167, 82, 2, '2022-09-07 09:14:54'),
(391, 167, 6, 2, '2022-09-19 01:34:38');

-- --------------------------------------------------------

--
-- Δομή πίνακα για τον πίνακα `foodcategory`
--

CREATE TABLE `foodcategory` (
  `id` int(11) NOT NULL,
  `category` varchar(255) NOT NULL
) ENGINE=InnoDB DEFAULT CHARSET=utf8mb4;

--
-- Άδειασμα δεδομένων του πίνακα `foodcategory`
--

INSERT INTO `foodcategory` (`id`, `category`) VALUES
(1, 'Όσπρια'),
(2, 'Κρεατικά'),
(3, 'Ζυμαρικά'),
(4, 'Λαχανικά'),
(6, 'Φρούτα'),
(10, 'Ποτό'),
(11, 'Ψάρι'),
(13, 'Vegan'),
(15, 'Γαλακτοκομικά'),
(16, 'Μαγειρευτά');

-- --------------------------------------------------------

--
-- Δομή πίνακα για τον πίνακα `foodnames`
--

CREATE TABLE `foodnames` (
  `id` int(11) NOT NULL,
  `foodName` varchar(255) NOT NULL
) ENGINE=InnoDB DEFAULT CHARSET=utf8mb4;

--
-- Άδειασμα δεδομένων του πίνακα `foodnames`
--

INSERT INTO `foodnames` (`id`, `foodName`) VALUES
(1, 'Μπιφτέκι'),
(2, 'Μπριζόλα'),
(3, 'Αρακά'),
(6, 'Ντομάτα'),
(32, 'Apple'),
(44, 'Λαύρα'),
(51, 'Ρεβύθια'),
(56, 'Τυρόπιτα'),
(59, 'Karota'),
(88, 'Lola'),
(92, 'Gxtc'),
(94, 'Μακαρόνια'),
(95, 'Λάχανο'),
(98, 'Crocs'),
(100, 'Τρούφα'),
(102, 'Μπύρα Fix'),
(103, 'th'),
(104, 'Φαλάφελ'),
(110, 'fhds'),
(111, 'Φέτα Τσουρέκι με Πάστα Αμυγδάλου'),
(112, 'Ποτήρι Γάλα Light 15');

-- --------------------------------------------------------

--
-- Δομή πίνακα για τον πίνακα `foods`
--

CREATE TABLE `foods` (
  `id` int(11) NOT NULL,
  `idFoodName` int(11) NOT NULL,
  `idFoodCategory` int(11) NOT NULL,
  `idUnitName` int(11) NOT NULL,
  `belongCategory` tinyint(1) NOT NULL,
  `portion` float NOT NULL,
  `calories` float NOT NULL,
  `protein` float NOT NULL,
  `carb` float NOT NULL,
  `fat` float NOT NULL,
  `fiber` float NOT NULL,
  `saturated` float NOT NULL,
  `unsaturated` float NOT NULL,
  `sugar` float NOT NULL,
  `bitamins` float NOT NULL,
  `imgPath` varchar(64) NOT NULL,
  `imgName` varchar(255) NOT NULL,
  `imgHash` varchar(255) NOT NULL,
  `foodDateCreated` date NOT NULL
) ENGINE=InnoDB DEFAULT CHARSET=utf8mb4;

--
-- Άδειασμα δεδομένων του πίνακα `foods`
--

INSERT INTO `foods` (`id`, `idFoodName`, `idFoodCategory`, `idUnitName`, `belongCategory`, `portion`, `calories`, `protein`, `carb`, `fat`, `fiber`, `saturated`, `unsaturated`, `sugar`, `bitamins`, `imgPath`, `imgName`, `imgHash`, `foodDateCreated`) VALUES
(6, 2, 2, 2, 1, 200, 275, 123, 307, 92, 22, 85, 78, 24, 68, './img/', 'meat.png', '', '2022-05-15'),
(7, 3, 1, 1, 1, 200, 150, 80, 45, 78, 13, 43, 54, 45, 76, './img/', '', '', '2022-05-15'),
(8, 1, 2, 1, 3, 245, 66, 77, 46, 80, 32, 78, 420, 77, 705, './img_public/', '', 'cd80aeeb9b9fecd1f60b614426f07db57553940cc13cab37b307ae2e342432b7', '2022-05-15'),
(11, 6, 4, 1, 2, 146, 150, 80, 45, 80, 0, 65, 24, 77, 77, './img_public/', 'categories.png', '616548f85554a5206884bec894f665d1ced1265764c709fc64686f883f2517f8', '2022-05-28'),
(26, 32, 3, 1, 2, 432, 346, 673, 678, 253, 0, 77, 88, 66, 99, './img_public/', 'calories.png', 'c68da53ee972887c5e55514388237f7bd57a651cfaf5c8d499f925a5daf96831', '2022-06-22'),
(38, 44, 3, 1, 2, 678, 80, 75, 765, 76, 0, 734, 634, 77, 578, './img_public/', 'restaurant_plate.png', '880ce408a2c569533d9f9362d19e461d80ec79d6ba0f2a2ecd8bba79d51dde41', '2022-06-24'),
(45, 51, 1, 1, 2, 671, 89, 578, 98, 78, 0, 43, 89, 57, 89, './img_public/', 'weighing-machine.png', 'f9307474ce8c3dadc6e81dbcd6ca3393c5543aa8b17c7ea671241599e30c2a93', '2022-07-02'),
(50, 56, 2, 1, 2, 82, 32, 78, 65, 89, 10, 0, 0, 0, 0, './img_public/', 'fork.png', 'ade3641bfd9704d35a53d94eadae4d91efbfbb739d6b2270a14ab23a12eeacc7', '2022-07-02'),
(53, 59, 4, 1, 2, 245, 0, 0, 0, 0, 0, 8, 8, 68, 0, './img_public/', 'clock.png', '7f1a90d05ee4fe424e7e9a5e20df776017e87c1d1778ecb43950afbdf06dff6b', '2022-07-02'),
(82, 88, 2, 1, 2, 56, 342, 47, 65, 67, 234, 0, 0, 0, 0, './img_public/', 'en.png', 'dde9ee2c250bc9cb4d010f1b13b592362a22531603e277353c41717535a676de', '2022-07-14'),
(86, 92, 2, 1, 2, 45, 646, 74, 36, 74, 0, 0, 0, 0, 0, './img_public/', '', '', '2022-07-27'),
(88, 94, 3, 1, 1, 786, 87, 87, 687, 68, 687, 688, 86, 687, 87, './img_public/', '', 'ad922b13fe7cce5e311181f2bae065396d723d18e81e7e119dd1236777d2baf0', '2022-08-24'),
(89, 95, 4, 1, 1, 65, 666, 56, 66, 645, 642, 626, 566, 59, 567, './img_public/', '', 'a44582362cb525d6a3f8585bc9293bac6b63c3cc275cb64f04f72213c49fd119', '2022-08-24'),
(92, 98, 2, 1, 2, 86, 45, 645, 45, 62, 45, 65, 425, 345, 56, './img_public/', 'water-full.png', '9fcdf0164f203b703e8acac4c08114e9e51e27756c3ff4ed7869e3bebca484c5', '2022-08-25'),
(94, 100, 3, 2, 1, 11, 22, 33, 44, 55, 66, 77, 88, 99, 111, './img_public/', '', '', '2022-08-27'),
(96, 102, 10, 2, 1, 500, 563, 3, 34, 345, 34, 34, 34, 35, 34, './img_public/', '', '4ef3e65cc65cc844d144eabcc2442bfc183d284b9f5613dda3317dd6f004a713', '2022-08-30'),
(97, 103, 1, 1, 2, 456, 456, 4654, 46, 46, 46, 64, 46, 46, 64, './img_public/', 'scale (1).png', '870c70791161fb7b1a1835cc732c45ff34874e0ea06774ae0ad16d4d2c40a3cc', '2022-08-30'),
(98, 104, 13, 1, 2, 10, 100, 10, 20, 30, 0, 0, 0, 0, 0, './img_public/', 'falafel.jpeg', '33d50418e94f799889de1d9ce068924f0ef8dfd2824637c6a39616825f768500', '2022-08-31'),
(102, 111, 15, 4, 2, 1, 215, 3, 30, 6, 0, 0, 0, 0, 0, './img_public/', 'tsoureki.jpeg', '21ac82c98f3e5c65da25908fb3fc8c251ac5f688db13eb043c2e894c28f1885d', '2022-09-18'),
(103, 112, 15, 2, 2, 250, 115, 8.25, 11.75, 3.75, 0, 0, 0, 0, 0, './img_public/', 'potiri_gala.jpeg', '9aeaa7ec32cfc01aff36a93a4f3b4135252c286760e07b3c2ecfecaa9917a576', '2022-09-18');

-- --------------------------------------------------------

--
-- Δομή πίνακα για τον πίνακα `language`
--

CREATE TABLE `language` (
  `id` int(11) NOT NULL,
  `language` varchar(10) NOT NULL
) ENGINE=InnoDB DEFAULT CHARSET=utf8mb4;

--
-- Άδειασμα δεδομένων του πίνακα `language`
--

INSERT INTO `language` (`id`, `language`) VALUES
(1, 'en'),
(2, 'gr');

-- --------------------------------------------------------

--
-- Δομή πίνακα για τον πίνακα `nameofdailymeals`
--

CREATE TABLE `nameofdailymeals` (
  `id` int(11) NOT NULL,
  `idLang` int(11) NOT NULL,
  `meals` varchar(64) NOT NULL
) ENGINE=InnoDB DEFAULT CHARSET=utf8mb4;

--
-- Άδειασμα δεδομένων του πίνακα `nameofdailymeals`
--

INSERT INTO `nameofdailymeals` (`id`, `idLang`, `meals`) VALUES
(1, 1, 'Breakfast'),
(2, 1, 'Lunch'),
(3, 1, 'Meals'),
(4, 1, 'Dinner'),
(5, 2, 'Πρωινό'),
(6, 2, 'Μεσημεριανό'),
(7, 2, 'Γεύματα'),
(8, 2, 'Βραδινό');

-- --------------------------------------------------------

--
-- Δομή πίνακα για τον πίνακα `translationfoodcategory`
--

CREATE TABLE `translationfoodcategory` (
  `id` int(11) NOT NULL,
  `idLang` int(11) NOT NULL,
  `idFoodCategory` int(11) NOT NULL,
  `translationFoodCategory` varchar(255) NOT NULL
) ENGINE=InnoDB DEFAULT CHARSET=utf8mb4;

--
-- Άδειασμα δεδομένων του πίνακα `translationfoodcategory`
--

INSERT INTO `translationfoodcategory` (`id`, `idLang`, `idFoodCategory`, `translationFoodCategory`) VALUES
(1, 1, 1, 'Legumes'),
(2, 1, 3, 'Pasta'),
(3, 1, 2, 'Meat'),
(4, 1, 4, 'Vegetables'),
(5, 2, 1, 'Όσπρια'),
(6, 2, 2, 'Κρεατικά'),
(7, 2, 3, 'Ζυμαρικά'),
(8, 2, 4, 'Λαχανικά'),
(11, 1, 6, 'Φρούτα'),
(12, 2, 6, 'Φρούτα'),
(17, 1, 10, 'Ποτό'),
(18, 2, 10, 'Ποτό'),
(19, 1, 11, 'Ψάρι'),
(20, 2, 11, 'Ψάρι'),
(23, 1, 13, 'Vegan'),
(24, 2, 13, 'Vegan'),
(27, 1, 15, 'Γαλακτοκομικά'),
(28, 2, 15, 'Γαλακτοκομικά'),
(29, 1, 16, 'Μαγειρευτά'),
(30, 2, 16, 'Μαγειρευτά');

-- --------------------------------------------------------

--
-- Δομή πίνακα για τον πίνακα `translationfoodname`
--

CREATE TABLE `translationfoodname` (
  `id` int(11) NOT NULL,
  `idLang` int(11) NOT NULL,
  `idFoodName` int(11) NOT NULL,
  `translationFoodName` varchar(255) NOT NULL
) ENGINE=InnoDB DEFAULT CHARSET=utf8mb4;

--
-- Άδειασμα δεδομένων του πίνακα `translationfoodname`
--

INSERT INTO `translationfoodname` (`id`, `idLang`, `idFoodName`, `translationFoodName`) VALUES
(1, 1, 1, 'Βeef'),
(2, 1, 3, 'Peas'),
(3, 1, 2, 'Steak'),
(7, 2, 1, 'Μπιφτέκι'),
(8, 2, 2, 'Μπριζόλα'),
(9, 2, 3, 'Αρακά'),
(12, 1, 6, 'Tomato'),
(14, 2, 6, 'Ντομάτα'),
(28, 1, 32, 'Apple'),
(29, 2, 32, 'Μήλο'),
(64, 1, 44, 'Λαύρα'),
(65, 2, 44, 'Λαύρα'),
(85, 1, 51, 'Ρεβύθια'),
(86, 2, 51, 'Ρεβύθια'),
(100, 1, 56, 'Τυρόπιτα'),
(101, 2, 56, 'Τυρόπιτα'),
(109, 1, 59, 'Karota'),
(110, 2, 59, 'Karota'),
(196, 1, 88, 'Lola'),
(197, 2, 88, 'Lola'),
(208, 1, 92, 'Gxtc'),
(209, 2, 92, 'Gxtc'),
(213, 1, 94, 'Spaghetti'),
(214, 2, 94, 'Μακαρόνια'),
(215, 1, 95, 'Cabbage'),
(216, 2, 95, 'Λάχανο'),
(221, 1, 98, 'Crocs'),
(222, 2, 98, 'Crocs'),
(225, 1, 100, 'Short Spaghetti'),
(226, 2, 100, 'Kοντά Μακαρόνια'),
(229, 1, 102, 'Fix Beer'),
(230, 2, 102, 'Μπύρα Fix'),
(231, 1, 103, 'th'),
(232, 2, 103, 'th'),
(233, 1, 104, 'Φαλάφελ'),
(234, 2, 104, 'Φαλάφελ'),
(245, 1, 110, 'fhds'),
(246, 2, 110, 'fhds'),
(247, 1, 111, ' Slice of Tsoureki with Almond Paste'),
(248, 2, 111, 'Φέτα Τσουρέκι με Πάστα Αμυγδάλου'),
(249, 1, 112, 'Glass of light milk 1.5%'),
(250, 2, 112, 'Ποτήρι Γάλα Light 1.5%');

-- --------------------------------------------------------

--
-- Δομή πίνακα για τον πίνακα `translationunitname`
--

CREATE TABLE `translationunitname` (
  `id` int(11) NOT NULL,
  `idLang` int(11) NOT NULL,
  `idUnitName` int(11) NOT NULL,
  `translationUnitName` varchar(255) NOT NULL
) ENGINE=InnoDB DEFAULT CHARSET=utf8mb4;

--
-- Άδειασμα δεδομένων του πίνακα `translationunitname`
--

INSERT INTO `translationunitname` (`id`, `idLang`, `idUnitName`, `translationUnitName`) VALUES
(1, 1, 1, 'g'),
(2, 1, 2, 'ml'),
(3, 2, 1, 'g'),
(4, 2, 2, 'ml'),
(13, 1, 4, 'Piece'),
(14, 2, 4, 'Τεμάχιο');

-- --------------------------------------------------------

--
-- Δομή πίνακα για τον πίνακα `unitname`
--

CREATE TABLE `unitname` (
  `id` int(11) NOT NULL,
  `unit` varchar(10) NOT NULL
) ENGINE=InnoDB DEFAULT CHARSET=utf8mb4;

--
-- Άδειασμα δεδομένων του πίνακα `unitname`
--

INSERT INTO `unitname` (`id`, `unit`) VALUES
(1, 'g'),
(2, 'ml'),
(4, 'Τεμάχιο');

-- --------------------------------------------------------

--
-- Δομή πίνακα για τον πίνακα `users`
--

CREATE TABLE `users` (
  `id` int(11) NOT NULL,
  `idLang` int(11) NOT NULL,
  `category` tinyint(1) NOT NULL,
  `username` varchar(64) NOT NULL,
  `email` varchar(64) NOT NULL,
  `pass` varchar(64) NOT NULL,
  `sex` tinyint(1) NOT NULL,
  `age` int(11) NOT NULL,
  `weights` float NOT NULL,
  `height` int(11) NOT NULL,
  `isIncreaseWeight` tinyint(1) NOT NULL,
  `requestedWeight` float NOT NULL,
  `exercise` int(1) NOT NULL,
  `kilos` float NOT NULL,
  `dateCreated` datetime NOT NULL,
  `isConfirmAccount` tinyint(1) NOT NULL,
  `token` varchar(255) NOT NULL,
  `binToken` varchar(255) NOT NULL,
  `apiToken` varchar(64) NOT NULL
) ENGINE=InnoDB DEFAULT CHARSET=utf8mb4;

--
-- Άδειασμα δεδομένων του πίνακα `users`
--

INSERT INTO `users` (`id`, `idLang`, `category`, `username`, `email`, `pass`, `sex`, `age`, `weights`, `height`, `isIncreaseWeight`, `requestedWeight`, `exercise`, `kilos`, `dateCreated`, `isConfirmAccount`, `token`, `binToken`, `apiToken`) VALUES
(115, 2, 1, 'Mitch', 'dimitrismanoloukos@hotmail.com', 'f6516d9be9f95e30ff915ba60aa4f59119ab301e513587623c2ccc04622ce554', 2, 26, 110, 190, 1, 99, 1, 0.5, '2022-01-20 01:33:36', 1, '884af8aa96ac7d81fadb486d42e26f364061f3e5f19b185a81b2198b3cd8b9f5', '456791d563ad131aa65f1e9471cbcaf71af0d63e1fd0d06aa7f879b05c07aa04', ''),
(127, 2, 1, 'farook', 'farook@gmail.com', '5b3e8a442e270b647961513b9da4611dea24e3424d8d6f155e126da29b5c00a1', 2, 67, 75, 180, 3, 80, 1, 0, '2022-02-18 14:15:10', 1, '9961a6d655843828bacf94ee8db249035abecc35165ffa54ed42a5eb957c4351', '6e8ae0dc719e0e91db682a85fdb8cb6cbabc173da7ae1654c19363331e182a11', ''),
(128, 1, 1, 'Evangelos', 'vagos199942@gmail.com', 'c792971b1026434042e6c15906a3ec2f6d35c60ca0097bd00b498c65980d68f3', 2, 33, 80, 175, 1, 75, 1, 0, '2022-02-18 14:19:04', 1, '2f5602e592eb7917b6a241a644ce3d125af05a7944d48709218abc536cc88740', 'a6b50bb204d8a5988c3ba143135b033e3a8fa7446aa2a1a82f32026589eafe8e', ''),
(152, 2, 1, 'Paul', 'paul@gmail.com', '72733477db88b8da20bb940f0caa4bd3373676805520a67c64743c89c749bf0e', 1, 45, 54, 567, 1, 5, 1, 0, '2022-02-21 00:19:24', 1, 'eb3b0cb20963b2dae7f2f86ef49e7637f3b1ebd6dfffd7b653042d3f5251c647', 'bdf652d2fb6ed2654011c5a9df129581d5168e14eeafc7c3f8c6d54f54d4c9b8', ''),
(153, 1, 1, 'dimitrakis', 'bat_sis@hotmail.com', '665681a3eb4d5e01dfb87b043efb94b9720bb8268c61b58e305cb1250ac9a1f8', 1, 23, 65, 100, 2, 65, 1, 0, '2022-02-21 18:56:12', 1, '0e41adb152c4328bbf624fa7aada3598db99773a2984d5f2e61adb194bf5750b', '4936193e7ac2347bf8565387ab7ad8d1fd9e070d8445827b669aa5bee2e35ff5', ''),
(154, 2, 1, 'Vage', 'Vage@hotmail.com', '97b445f8cc5e55e59b8d874db8fd9db7cd3b3e3cded76cdbfb41ee0f8328237f', 2, 111, 12, 222, 1, 11, 1, 0, '2022-02-25 23:26:40', 1, '9378ea59ba9951a2fc4e200ec7f8b34cfe056f42584e378d60a726dd27a136a2', 'bff9027119ae00d67da47c021172204094c20294d123697aa9ea070a8527ac13', ''),
(155, 1, 1, 'BigDodo', 'bigdodo-kolosos-terastios@dodoclub.com', 'b68dd6af7be8a600436fc5024ccaea1b6095d0143758069e5cdfddfd5a5aa6ee', 2, 48, 85, 178, 3, 90, 1, 0, '2022-03-02 14:29:20', 1, '9915f7c642fee082607b9b62cf21815aa1cc40a0c1f055b9288e0dd51c30d3fa', 'c3bd8175f570e76d50356a49a153ef669f4579790c7d46812e8c932f1bb32c8e', ''),
(165, 2, 1, 'Prokoparas', 'pakis13@rocketmail.com', '4161e6a1597bcaacdc1196b30b2a610caba1d2c44fd4435d66244948a9191fe5', 2, 24, 110, 181, 1, 90, 1, 0, '2022-03-02 16:51:48', 1, '3a324bd9cf74c9281c7f1417276fdd913d83ed8d339a90be90bad7db3f26ca46', 'd030e1070ca81424c27bf291b45637fb5d78b81a6e5af9db686f464b015dec87', ''),
(166, 1, 1, 'Helen', 'elenh.per1@gmail.com', '395f6e94e85638eeb4f958bbffb45eee87afeeca2a03a63808f9d3465dd2c9d2', 1, 28, 50, 168, 3, 55, 1, 0, '2022-03-02 17:06:41', 1, '06696d6e80651475810beec0dd91236a176afc9b7d059bc726feb46a909a9b3e', 'df392c90046c47fd864f256e25a5764e9b377f5537fd6c0f11b93f66562aa749', ''),
(167, 2, 2, 'NtinosNtinos', 'kostas-pe-97@hotmail.com', '74e9a9667f453dfa8c2dbf9e57d0d8c51fdf4270860482a33f2d3984d31ddd02', 2, 25, 76, 185, 3, 81, 1, 0.5, '2022-03-02 01:03:06', 1, '20ba793d88979a1d70589debd9e8a6573b60e87f0243315b770e39cce034597d', 'e554bf511815676d63eaed22594fd8eb755333aa08bb00136f5e5eb530b15f22', ''),
(168, 1, 1, 'Hara', 'ckyriakou@uoa.gr', '0b15ed297cd2716b7769e05ce75e599d0b0b3b7215b994b7f56cebbb80e6a503', 1, 23, 85, 187, 1, 80, 1, 0, '2022-03-02 17:49:29', 1, 'e52f87fdadaa54f7bdaebfdeeeaa4ef8bc23e5423a53a6420a1abdf0ca1818c7', '70d42e1d06f01772080d7f27dbfa2066e915d608d4061fb0d5fcadf4e779f943', ''),
(169, 2, 1, 'annad', 'adaskou97@gmail.com', 'd3b5f619f12155c660db08af31ed1bb391d2e275cd2f68391602e8cb34ac3b6d', 1, 24, 61, 174, 3, 64, 1, 0, '2022-03-02 18:40:52', 1, 'c8e488e4d7ee466e557eddb2ea55d95351427689bc615482f4a7d69e653f8360', '0e6ea84e870858d87fa63c5509e9f16c7869b3bfcf0a850861eb44727473fd7a', ''),
(170, 2, 1, 'Jo', 'ioannapaid97@gmail.com', '6cfef5c5a1f0b5ad66baf387bbba1abe31385463306b93ce2094695d04211bbe', 1, 25, 60, 162, 1, 55, 2, 0.5, '2022-03-03 01:25:50', 1, '7246ba1cd0ec3d5a5e513887aa2f7d96d00819f3ee9d0901e54daecf881ceb63', '3a0702a7d552cdcd96bd14a5135ef7ea843dcc9601dbc5ae670a92e15089d07f', ''),
(172, 1, 1, 'ece01121', 'ece01121@uowm.gr', '5acbe878cde8740074ae5062cd6a42502f712eb8f6c87b3d086e0600ee15c97c', 2, 25, 95, 199, 3, 99, 1, 0, '2022-03-03 12:39:09', 1, '6ceb0caa865b687fce10e35ecdf03d0146ea7a9ecfd1226e18b2d3d91345f1f1', 'd3c62e571506b8c3cdae8fb94af847309743a9b9b98333f665dff2e167f01849', ''),
(173, 2, 1, 'Harris97', 'harrism1997@hotmail.com', '4a216864a869d3f0934e1fea68dd1407936ece989f7a63cfd73221b1227b8c9c', 2, 24, 90, 181, 2, 90, 1, 0, '2022-03-04 21:33:56', 1, 'a508c99c94bd854ec5080824bfee016dded7174d4f8831d609d099714c7422f5', '2d51984a8deaab65fa1b5f299ca122a0d414621686667958e115e78258f7aba6', ''),
(174, 2, 1, 'Pane', 'Pane@yahoo.gr', '4d74ce0113304a180139df1d9275eedc7dadced59eaca5106145f38cbc7b2a76', 2, 45, 4458, 444, 2, 4458, 1, 0, '2022-03-09 11:42:28', 1, '67efb0881dff04a313bfd886ae26308eaedb5589f7012f25c68402164f4fdf32', '7ab65f98abbbdd454924324eb11d18d51477e64d61b1ab9b7da0421633832768', ''),
(178, 2, 1, 'Giru', 'giru@gmail.com', '036c457c4f29c5a0f7746a76ceb910cb95c7014cf4204c1c2611542cf1e4769b', 2, 85, 45, 186, 3, 58, 1, 0.5, '2022-05-18 12:44:18', 1, 'b80bab15290e4c7066c5a6ddfd7aa5ef04b5ff446ee5269e6324be9c488e1741', '2578d4fda257886355591e7d23ab611ce8aa7c79baffe9674b9ae68e5be8459b', ''),
(180, 2, 1, 'Poco', 'poco@f3.com', 'f73615561cd86d69029a7dc29a3e6889bea39a549575dd90b516ee73dec38530', 1, 21, 57, 164, 3, 60, 1, 0, '2022-06-14 14:37:42', 1, '83bff4dd2a42931bbdac6f2b57b80c505f7a2cf63fea505cede7ce776f1be63b', 'bf9d70d15e2b2fefde925d64719105a1ed4dcd008b1ee2ef8f9adb242961053a', ''),
(182, 2, 1, 'KiriosEide', 'kirios35@eide.com', 'fd8e95844a35cd83c79797dba9249ca73f34a1951dcc8d2c9dbc6d8d208b0ba6', 2, 44, 88, 178, 1, 84, 1, 0, '2022-06-14 14:41:11', 1, 'b8b15b26343378afa29f9327fd96dad495190d03b6d45cae08056151a81765c4', '5094837b8ac3f2ce5eae7b49cebb5ae3c048cce0097010ffac9b7bd5a16cf997', ''),
(185, 2, 1, 'William', 'william@wil.gre', 'f41adf021a0ece58a7d2d6eb3ef0401522c63b03599185bf3ca68f62be8ed2b7', 2, 23, 23, 32, 1, 22, 1, 1.5, '2022-06-14 19:28:46', 1, '962c430a0cbbcf38ddb710f69fdda008b592a77d8b486c8b3547424e324aeadd', 'cf954e6209c151cf7f3856b57240d9ca9972c231a64628f3abe177d397260dad', ''),
(186, 2, 1, 'mdasyg', 'nutrition@email.vlsi.gr', '0def80137762189d425a8bf4f0679e3b6ca06b714350d6971adb0a7325133fb2', 2, 46, 78, 170, 1, 75, 1, 0.5, '2022-06-15 14:34:23', 1, '8de1118bcebd00436e3b77a110e894301a48a26bd2889c61568cb768b59177ae', '9a2ce77355d4a53423cc74716c2ad6d604a659160001e3ecf7cb3abadc3d58a9', ''),
(187, 1, 1, 'Wildwest', 'kostas.pe.97@gmail.com', 'bb46139ee235dcb0e8d3c4ca29b8ca878427d9db7d7cd14ffc25948c0f25fcce', 2, 25, 75, 185, 3, 78, 2, 0.5, '2022-07-26 20:28:16', 1, '958c215a64a447a568f50434a863854354373e3aba2278741c598b52500744f6', '0b1341692387801455d21a65a85572597ab12f6b3b9646769d04d287e6a31462', ''),
(188, 2, 1, 'kostaskyr', 'kostaskyriakos3@gmail.com', '9f17907bfbccf3581e23fd8c18be62c84b130cfedd394aa1cfae5121aac03ca7', 2, 17, 76, 180, 2, 76, 2, 0, '2022-08-07 18:53:02', 1, '4290277326c614a352acf5e6f72be20e5c67672ed32f0ea7c20846a2d9b2b620', '6877d457eb85c301dcab4b7ac8756d740d97c14fe6c9c746e0ec847e4f5ffce1', ''),
(190, 1, 1, 'Lena', 'lena@lena.com', '44cff81e531ea5dcc1d96b4a45a92d2e075bdd695d261ed1334e6bdb99203151', 1, 21, 58, 163, 3, 60, 3, 0.5, '2022-08-27 21:17:44', 1, 'c23e2aa4f0b099d9b990dfd65c339ebd994d11158564adf994c792049ab75468', '7a8333fe8a2d7da13b708f2fcf3433229dcda94a728ce7f81186bdf4e6265ac3', ''),
(191, 2, 1, 'Testbody', 'testbody@gmail.gr', 'acdc08123bd6fcc5a5950b3e916c0865a46ccdc0ce1199e72f4e8ce9d59e9df9', 2, 23, 77, 187, 3, 80, 2, 0.5, '2022-08-16 18:12:40', 1, '2801f824aff82b8f814eed1ca0915355b7ac42fe8819321deda37e79c34d48ee', 'b6b2fe8f7428f7a61dd50f9720f6dffb7d7e29fd03b8ca6a9b272f72cb1c7067', ''),
(192, 2, 1, 'Test', 'test@gmail.com', '5d9b959081e1af0e7df2038ca7c85b7de24654edb437daa3ded04326f984c43e', 2, 30, 85, 175, 1, 80, 1, 0.5, '2022-09-17 20:36:10', 1, '50869070141bb528afe491cd19a6174b5b3496fec773721c24077bbe6e3fa4d3', '710ee4633f53b76cf1aef471baf0e7461b069332d0c00b78a89831e1f6c95cdf', ''),
(193, 2, 1, 'Test6', 'test6@gmail.com', '21fad388a74e8f761eabb3bd62bd7ab1f5d755f25821bff6b355dca4851e9241', 2, 32, 88, 189, 3, 90, 3, 0.5, '2022-09-18 01:54:56', 1, '17271ce4abb78118f2e8f30a9d2c65da8c74d5e80dbba594027ab018b628076d', '36260e0feae55d67aec3d7705fc32764c8810c6abcc4f9e6a834a3dfbde040c9', 'b9d73f0abb12d8fd75a86e0aa5562068707809c53225b6ffda5521b98626b3c6');

-- --------------------------------------------------------

--
-- Δομή πίνακα για τον πίνακα `waterpercentage`
--

CREATE TABLE `waterpercentage` (
  `id` int(11) NOT NULL,
  `idUser` int(11) NOT NULL,
  `waterPercentage` int(11) NOT NULL,
  `waterDate` date NOT NULL
) ENGINE=InnoDB DEFAULT CHARSET=utf8mb4;

--
-- Άδειασμα δεδομένων του πίνακα `waterpercentage`
--

INSERT INTO `waterpercentage` (`id`, `idUser`, `waterPercentage`, `waterDate`) VALUES
(2, 167, 65, '2022-06-26'),
(3, 167, 70, '2022-06-25'),
(6, 167, 74, '2022-06-28'),
(8, 167, 56, '2022-06-29'),
(9, 167, 33, '2022-07-09'),
(10, 167, 100, '2022-07-14'),
(11, 167, 99, '2022-07-15'),
(12, 174, 78, '2022-08-28'),
(16, 167, 69, '2022-09-09'),
(17, 167, 67, '2022-09-08');

-- --------------------------------------------------------

--
-- Δομή πίνακα για τον πίνακα `weight`
--

CREATE TABLE `weight` (
  `id` int(11) NOT NULL,
  `idUser` int(11) NOT NULL,
  `weight` float NOT NULL,
  `weightDate` date NOT NULL
) ENGINE=InnoDB DEFAULT CHARSET=utf8mb4;

--
-- Άδειασμα δεδομένων του πίνακα `weight`
--

INSERT INTO `weight` (`id`, `idUser`, `weight`, `weightDate`) VALUES
(6, 167, 73, '2022-06-30'),
(7, 167, 66, '2022-07-02'),
(8, 167, 68, '2022-07-03'),
(9, 167, 92, '2022-07-01'),
(10, 167, 84, '2022-06-28'),
(11, 167, 88, '2022-06-29'),
(13, 170, 69, '2022-06-30'),
(14, 167, 67, '2022-07-08'),
(15, 167, 99, '2022-07-06'),
(16, 167, 64, '2022-06-24'),
(17, 167, 5, '2022-07-09'),
(18, 167, 45, '2022-07-19'),
(19, 167, 56, '2022-07-21'),
(20, 167, 45, '2022-07-22'),
(21, 167, 87, '2022-07-23'),
(22, 167, 22, '2022-07-30'),
(24, 167, 55, '2022-07-11'),
(25, 167, 45, '2022-05-16'),
(26, 167, 33, '2022-05-15'),
(27, 167, 89, '2022-04-22'),
(28, 167, 79, '2022-04-21'),
(29, 167, 92, '2022-04-20'),
(30, 167, 95, '2022-04-19'),
(31, 167, 54, '2022-04-06'),
(33, 167, 98, '2022-03-21'),
(34, 167, 96, '2022-03-20'),
(35, 167, 77, '2022-03-19'),
(36, 167, 88, '2022-03-18'),
(37, 167, 65, '2022-03-06'),
(38, 167, 45, '2022-03-05'),
(39, 167, 88, '2022-03-04'),
(42, 167, 20, '2022-07-13'),
(52, 188, 76, '2022-08-07'),
(53, 174, 55, '2022-08-27'),
(54, 190, 58, '2022-08-27'),
(55, 190, 57.5, '2022-08-26'),
(56, 167, 76, '2022-08-30'),
(57, 167, 65, '2022-08-13'),
(59, 170, 65, '2022-08-31'),
(60, 191, 77, '2022-09-01'),
(61, 167, 85, '2022-09-03'),
(62, 167, 65, '2022-08-31'),
(64, 182, 45, '2022-09-08'),
(65, 182, 40, '2022-09-07'),
(66, 182, 38, '2022-09-05'),
(67, 167, 88, '2022-09-09'),
(68, 167, 24, '2022-09-17'),
(69, 192, 85, '2022-09-17'),
(70, 193, 88, '2022-09-18');

-- --------------------------------------------------------

--
-- Δομή πίνακα για τον πίνακα `weightbone`
--

CREATE TABLE `weightbone` (
  `id` int(11) NOT NULL,
  `idUser` int(11) NOT NULL,
  `weightBone` float NOT NULL,
  `weightBoneDate` date NOT NULL
) ENGINE=InnoDB DEFAULT CHARSET=utf8mb4;

--
-- Άδειασμα δεδομένων του πίνακα `weightbone`
--

INSERT INTO `weightbone` (`id`, `idUser`, `weightBone`, `weightBoneDate`) VALUES
(4, 167, 82, '2022-06-28'),
(5, 167, 67, '2022-06-27'),
(7, 167, 95, '2022-06-25'),
(8, 167, 36, '2022-06-26'),
(9, 170, 30, '2022-06-29'),
(10, 167, 5, '2022-07-09'),
(11, 167, 27, '2022-07-22'),
(12, 167, 140, '2022-07-21'),
(13, 174, 66, '2022-08-27'),
(14, 174, 77, '2022-08-28'),
(15, 167, 5, '2022-08-31'),
(16, 167, 40, '2022-09-04'),
(18, 170, 40, '2022-09-04'),
(19, 170, 25, '2022-09-03'),
(20, 167, 89, '2022-09-09');

--
-- Ευρετήρια για άχρηστους πίνακες
--

--
-- Ευρετήρια για πίνακα `activationlink`
--
ALTER TABLE `activationlink`
  ADD PRIMARY KEY (`id`),
  ADD KEY `idUser` (`idUser`);

--
-- Ευρετήρια για πίνακα `confirmnewemail`
--
ALTER TABLE `confirmnewemail`
  ADD PRIMARY KEY (`id`),
  ADD KEY `idUser` (`idUser`);

--
-- Ευρετήρια για πίνακα `createdfood`
--
ALTER TABLE `createdfood`
  ADD PRIMARY KEY (`id`),
  ADD KEY `idUser` (`idUser`),
  ADD KEY `idFood` (`idFood`);

--
-- Ευρετήρια για πίνακα `cronjob`
--
ALTER TABLE `cronjob`
  ADD PRIMARY KEY (`id`);

--
-- Ευρετήρια για πίνακα `dailyconsumptiongoals`
--
ALTER TABLE `dailyconsumptiongoals`
  ADD PRIMARY KEY (`id`),
  ADD KEY `idUser` (`idUser`);

--
-- Ευρετήρια για πίνακα `dailyeatings`
--
ALTER TABLE `dailyeatings`
  ADD PRIMARY KEY (`id`),
  ADD KEY `idUser` (`idUser`),
  ADD KEY `idFood` (`idFood`),
  ADD KEY `idNameOfDailyMeals` (`idNameOfDailyMeals`);

--
-- Ευρετήρια για πίνακα `dailysummaries`
--
ALTER TABLE `dailysummaries`
  ADD PRIMARY KEY (`id`),
  ADD KEY `idDailyConsumptionGoals` (`idDailyConsumptionGoals`);

--
-- Ευρετήρια για πίνακα `fatpercentage`
--
ALTER TABLE `fatpercentage`
  ADD PRIMARY KEY (`id`),
  ADD KEY `idUser` (`idUser`);

--
-- Ευρετήρια για πίνακα `favourites`
--
ALTER TABLE `favourites`
  ADD PRIMARY KEY (`id`),
  ADD KEY `idFood` (`idFood`),
  ADD KEY `idUser` (`idUser`);

--
-- Ευρετήρια για πίνακα `foodcategory`
--
ALTER TABLE `foodcategory`
  ADD PRIMARY KEY (`id`);

--
-- Ευρετήρια για πίνακα `foodnames`
--
ALTER TABLE `foodnames`
  ADD PRIMARY KEY (`id`);

--
-- Ευρετήρια για πίνακα `foods`
--
ALTER TABLE `foods`
  ADD PRIMARY KEY (`id`),
  ADD KEY `foods_ibfk_1` (`idFoodName`),
  ADD KEY `foods_ibfk_2` (`idFoodCategory`),
  ADD KEY `foods_ibfk_3` (`idUnitName`);

--
-- Ευρετήρια για πίνακα `language`
--
ALTER TABLE `language`
  ADD PRIMARY KEY (`id`);

--
-- Ευρετήρια για πίνακα `nameofdailymeals`
--
ALTER TABLE `nameofdailymeals`
  ADD PRIMARY KEY (`id`),
  ADD KEY `idLang` (`idLang`);

--
-- Ευρετήρια για πίνακα `translationfoodcategory`
--
ALTER TABLE `translationfoodcategory`
  ADD PRIMARY KEY (`id`),
  ADD KEY `idFoodCategory` (`idFoodCategory`),
  ADD KEY `idLang` (`idLang`);

--
-- Ευρετήρια για πίνακα `translationfoodname`
--
ALTER TABLE `translationfoodname`
  ADD PRIMARY KEY (`id`),
  ADD KEY `idFoodName` (`idFoodName`),
  ADD KEY `idLang` (`idLang`);

--
-- Ευρετήρια για πίνακα `translationunitname`
--
ALTER TABLE `translationunitname`
  ADD PRIMARY KEY (`id`),
  ADD UNIQUE KEY `idLang_2` (`idLang`,`translationUnitName`),
  ADD KEY `idLang` (`idLang`),
  ADD KEY `idUnitName` (`idUnitName`);

--
-- Ευρετήρια για πίνακα `unitname`
--
ALTER TABLE `unitname`
  ADD PRIMARY KEY (`id`);

--
-- Ευρετήρια για πίνακα `users`
--
ALTER TABLE `users`
  ADD PRIMARY KEY (`id`),
  ADD UNIQUE KEY `username` (`username`),
  ADD UNIQUE KEY `email` (`email`),
  ADD KEY `idLang` (`idLang`);

--
-- Ευρετήρια για πίνακα `waterpercentage`
--
ALTER TABLE `waterpercentage`
  ADD PRIMARY KEY (`id`),
  ADD KEY `idUser` (`idUser`);

--
-- Ευρετήρια για πίνακα `weight`
--
ALTER TABLE `weight`
  ADD PRIMARY KEY (`id`),
  ADD KEY `idUser` (`idUser`);

--
-- Ευρετήρια για πίνακα `weightbone`
--
ALTER TABLE `weightbone`
  ADD PRIMARY KEY (`id`),
  ADD KEY `idUser` (`idUser`);

--
-- AUTO_INCREMENT για άχρηστους πίνακες
--

--
-- AUTO_INCREMENT για πίνακα `activationlink`
--
ALTER TABLE `activationlink`
  MODIFY `id` int(11) NOT NULL AUTO_INCREMENT, AUTO_INCREMENT=75;

--
-- AUTO_INCREMENT για πίνακα `confirmnewemail`
--
ALTER TABLE `confirmnewemail`
  MODIFY `id` int(11) NOT NULL AUTO_INCREMENT, AUTO_INCREMENT=13;

--
-- AUTO_INCREMENT για πίνακα `createdfood`
--
ALTER TABLE `createdfood`
  MODIFY `id` int(11) NOT NULL AUTO_INCREMENT, AUTO_INCREMENT=72;

--
-- AUTO_INCREMENT για πίνακα `cronjob`
--
ALTER TABLE `cronjob`
  MODIFY `id` int(11) NOT NULL AUTO_INCREMENT, AUTO_INCREMENT=2;

--
-- AUTO_INCREMENT για πίνακα `dailyconsumptiongoals`
--
ALTER TABLE `dailyconsumptiongoals`
  MODIFY `id` int(11) NOT NULL AUTO_INCREMENT, AUTO_INCREMENT=33;

--
-- AUTO_INCREMENT για πίνακα `dailyeatings`
--
ALTER TABLE `dailyeatings`
  MODIFY `id` int(11) NOT NULL AUTO_INCREMENT, AUTO_INCREMENT=221;

--
-- AUTO_INCREMENT για πίνακα `dailysummaries`
--
ALTER TABLE `dailysummaries`
  MODIFY `id` int(11) NOT NULL AUTO_INCREMENT, AUTO_INCREMENT=653;

--
-- AUTO_INCREMENT για πίνακα `fatpercentage`
--
ALTER TABLE `fatpercentage`
  MODIFY `id` int(11) NOT NULL AUTO_INCREMENT, AUTO_INCREMENT=18;

--
-- AUTO_INCREMENT για πίνακα `favourites`
--
ALTER TABLE `favourites`
  MODIFY `id` int(11) NOT NULL AUTO_INCREMENT, AUTO_INCREMENT=392;

--
-- AUTO_INCREMENT για πίνακα `foodcategory`
--
ALTER TABLE `foodcategory`
  MODIFY `id` int(11) NOT NULL AUTO_INCREMENT, AUTO_INCREMENT=17;

--
-- AUTO_INCREMENT για πίνακα `foodnames`
--
ALTER TABLE `foodnames`
  MODIFY `id` int(11) NOT NULL AUTO_INCREMENT, AUTO_INCREMENT=113;

--
-- AUTO_INCREMENT για πίνακα `foods`
--
ALTER TABLE `foods`
  MODIFY `id` int(11) NOT NULL AUTO_INCREMENT, AUTO_INCREMENT=104;

--
-- AUTO_INCREMENT για πίνακα `language`
--
ALTER TABLE `language`
  MODIFY `id` int(11) NOT NULL AUTO_INCREMENT, AUTO_INCREMENT=3;

--
-- AUTO_INCREMENT για πίνακα `nameofdailymeals`
--
ALTER TABLE `nameofdailymeals`
  MODIFY `id` int(11) NOT NULL AUTO_INCREMENT, AUTO_INCREMENT=9;

--
-- AUTO_INCREMENT για πίνακα `translationfoodcategory`
--
ALTER TABLE `translationfoodcategory`
  MODIFY `id` int(11) NOT NULL AUTO_INCREMENT, AUTO_INCREMENT=31;

--
-- AUTO_INCREMENT για πίνακα `translationfoodname`
--
ALTER TABLE `translationfoodname`
  MODIFY `id` int(11) NOT NULL AUTO_INCREMENT, AUTO_INCREMENT=251;

--
-- AUTO_INCREMENT για πίνακα `translationunitname`
--
ALTER TABLE `translationunitname`
  MODIFY `id` int(11) NOT NULL AUTO_INCREMENT, AUTO_INCREMENT=17;

--
-- AUTO_INCREMENT για πίνακα `unitname`
--
ALTER TABLE `unitname`
  MODIFY `id` int(11) NOT NULL AUTO_INCREMENT, AUTO_INCREMENT=6;

--
-- AUTO_INCREMENT για πίνακα `users`
--
ALTER TABLE `users`
  MODIFY `id` int(11) NOT NULL AUTO_INCREMENT, AUTO_INCREMENT=194;

--
-- AUTO_INCREMENT για πίνακα `waterpercentage`
--
ALTER TABLE `waterpercentage`
  MODIFY `id` int(11) NOT NULL AUTO_INCREMENT, AUTO_INCREMENT=18;

--
-- AUTO_INCREMENT για πίνακα `weight`
--
ALTER TABLE `weight`
  MODIFY `id` int(11) NOT NULL AUTO_INCREMENT, AUTO_INCREMENT=71;

--
-- AUTO_INCREMENT για πίνακα `weightbone`
--
ALTER TABLE `weightbone`
  MODIFY `id` int(11) NOT NULL AUTO_INCREMENT, AUTO_INCREMENT=21;

--
-- Περιορισμοί για άχρηστους πίνακες
--

--
-- Περιορισμοί για πίνακα `activationlink`
--
ALTER TABLE `activationlink`
  ADD CONSTRAINT `activationlink_ibfk_1` FOREIGN KEY (`idUser`) REFERENCES `users` (`id`) ON DELETE CASCADE ON UPDATE CASCADE;

--
-- Περιορισμοί για πίνακα `confirmnewemail`
--
ALTER TABLE `confirmnewemail`
  ADD CONSTRAINT `confirmnewemail_ibfk_1` FOREIGN KEY (`idUser`) REFERENCES `users` (`id`) ON DELETE CASCADE ON UPDATE CASCADE;

--
-- Περιορισμοί για πίνακα `createdfood`
--
ALTER TABLE `createdfood`
  ADD CONSTRAINT `createdfood_ibfk_1` FOREIGN KEY (`idUser`) REFERENCES `users` (`id`) ON DELETE CASCADE ON UPDATE CASCADE,
  ADD CONSTRAINT `createdfood_ibfk_2` FOREIGN KEY (`idFood`) REFERENCES `foods` (`id`) ON DELETE CASCADE ON UPDATE CASCADE;

--
-- Περιορισμοί για πίνακα `dailyconsumptiongoals`
--
ALTER TABLE `dailyconsumptiongoals`
  ADD CONSTRAINT `dailyconsumptiongoals_ibfk_1` FOREIGN KEY (`idUser`) REFERENCES `users` (`id`) ON DELETE CASCADE ON UPDATE CASCADE;

--
-- Περιορισμοί για πίνακα `dailyeatings`
--
ALTER TABLE `dailyeatings`
  ADD CONSTRAINT `dailyeatings_ibfk_1` FOREIGN KEY (`idUser`) REFERENCES `users` (`id`) ON DELETE CASCADE ON UPDATE CASCADE,
  ADD CONSTRAINT `dailyeatings_ibfk_2` FOREIGN KEY (`idFood`) REFERENCES `foods` (`id`) ON DELETE CASCADE ON UPDATE CASCADE,
  ADD CONSTRAINT `dailyeatings_ibfk_3` FOREIGN KEY (`idNameOfDailyMeals`) REFERENCES `nameofdailymeals` (`id`) ON DELETE CASCADE ON UPDATE CASCADE;

--
-- Περιορισμοί για πίνακα `dailysummaries`
--
ALTER TABLE `dailysummaries`
  ADD CONSTRAINT `dailysummaries_ibfk_2` FOREIGN KEY (`idDailyConsumptionGoals`) REFERENCES `dailyconsumptiongoals` (`id`) ON DELETE CASCADE ON UPDATE CASCADE;

--
-- Περιορισμοί για πίνακα `fatpercentage`
--
ALTER TABLE `fatpercentage`
  ADD CONSTRAINT `fatpercentage_ibfk_1` FOREIGN KEY (`idUser`) REFERENCES `users` (`id`) ON DELETE CASCADE ON UPDATE CASCADE;

--
-- Περιορισμοί για πίνακα `favourites`
--
ALTER TABLE `favourites`
  ADD CONSTRAINT `favourites_ibfk_1` FOREIGN KEY (`idFood`) REFERENCES `foods` (`id`) ON DELETE CASCADE ON UPDATE CASCADE,
  ADD CONSTRAINT `favourites_ibfk_2` FOREIGN KEY (`idUser`) REFERENCES `users` (`id`) ON DELETE CASCADE ON UPDATE CASCADE;

--
-- Περιορισμοί για πίνακα `foods`
--
ALTER TABLE `foods`
  ADD CONSTRAINT `foods_ibfk_1` FOREIGN KEY (`idFoodName`) REFERENCES `foodnames` (`id`) ON DELETE CASCADE ON UPDATE CASCADE,
  ADD CONSTRAINT `foods_ibfk_2` FOREIGN KEY (`idFoodCategory`) REFERENCES `foodcategory` (`id`) ON DELETE CASCADE ON UPDATE CASCADE,
  ADD CONSTRAINT `foods_ibfk_3` FOREIGN KEY (`idUnitName`) REFERENCES `unitname` (`id`) ON DELETE CASCADE ON UPDATE CASCADE;

--
-- Περιορισμοί για πίνακα `nameofdailymeals`
--
ALTER TABLE `nameofdailymeals`
  ADD CONSTRAINT `nameofdailymeals_ibfk_1` FOREIGN KEY (`idLang`) REFERENCES `language` (`id`) ON DELETE CASCADE ON UPDATE CASCADE;

--
-- Περιορισμοί για πίνακα `translationfoodcategory`
--
ALTER TABLE `translationfoodcategory`
  ADD CONSTRAINT `translationfoodcategory_ibfk_1` FOREIGN KEY (`idFoodCategory`) REFERENCES `foodcategory` (`id`) ON DELETE CASCADE ON UPDATE CASCADE,
  ADD CONSTRAINT `translationfoodcategory_ibfk_2` FOREIGN KEY (`idLang`) REFERENCES `language` (`id`) ON DELETE CASCADE ON UPDATE CASCADE;

--
-- Περιορισμοί για πίνακα `translationfoodname`
--
ALTER TABLE `translationfoodname`
  ADD CONSTRAINT `translationfoodname_ibfk_1` FOREIGN KEY (`idFoodName`) REFERENCES `foodnames` (`id`) ON DELETE CASCADE ON UPDATE CASCADE,
  ADD CONSTRAINT `translationfoodname_ibfk_2` FOREIGN KEY (`idLang`) REFERENCES `language` (`id`) ON DELETE CASCADE ON UPDATE CASCADE;

--
-- Περιορισμοί για πίνακα `translationunitname`
--
ALTER TABLE `translationunitname`
  ADD CONSTRAINT `translationunitname_ibfk_1` FOREIGN KEY (`idLang`) REFERENCES `language` (`id`) ON DELETE CASCADE ON UPDATE CASCADE,
  ADD CONSTRAINT `translationunitname_ibfk_2` FOREIGN KEY (`idUnitName`) REFERENCES `unitname` (`id`) ON DELETE CASCADE ON UPDATE CASCADE;

--
-- Περιορισμοί για πίνακα `users`
--
ALTER TABLE `users`
  ADD CONSTRAINT `users_ibfk_1` FOREIGN KEY (`idLang`) REFERENCES `language` (`id`) ON DELETE CASCADE ON UPDATE CASCADE;

--
-- Περιορισμοί για πίνακα `waterpercentage`
--
ALTER TABLE `waterpercentage`
  ADD CONSTRAINT `waterpercentage_ibfk_1` FOREIGN KEY (`idUser`) REFERENCES `users` (`id`) ON DELETE CASCADE ON UPDATE CASCADE;

--
-- Περιορισμοί για πίνακα `weight`
--
ALTER TABLE `weight`
  ADD CONSTRAINT `weight_ibfk_1` FOREIGN KEY (`idUser`) REFERENCES `users` (`id`) ON DELETE CASCADE ON UPDATE CASCADE;

--
-- Περιορισμοί για πίνακα `weightbone`
--
ALTER TABLE `weightbone`
  ADD CONSTRAINT `weightbone_ibfk_1` FOREIGN KEY (`idUser`) REFERENCES `users` (`id`) ON DELETE CASCADE ON UPDATE CASCADE;
COMMIT;

/*!40101 SET CHARACTER_SET_CLIENT=@OLD_CHARACTER_SET_CLIENT */;
/*!40101 SET CHARACTER_SET_RESULTS=@OLD_CHARACTER_SET_RESULTS */;
/*!40101 SET COLLATION_CONNECTION=@OLD_COLLATION_CONNECTION */;
